DateTime,DOY,ASY_D,ASY_H,SYM_D,SYM_H,Location
10/24/2011 0:00,297,27,11,-2,4,1
10/24/2011 0:01,297,27,10,-2,5,1
10/24/2011 0:02,297,26,10,-2,5,1
10/24/2011 0:03,297,26,10,-2,5,1
10/24/2011 0:04,297,25,10,-2,5,1
10/24/2011 0:05,297,25,9,-2,4,1
10/24/2011 0:06,297,25,11,-2,4,1
10/24/2011 0:07,297,26,12,-3,3,1
10/24/2011 0:08,297,27,13,-3,2,1
10/24/2011 0:09,297,28,13,-3,1,1
10/24/2011 0:10,297,29,14,-4,1,1
10/24/2011 0:11,297,29,15,-4,1,1
10/24/2011 0:12,297,31,16,-4,0,1
10/24/2011 0:13,297,33,17,-4,-1,1
10/24/2011 0:14,297,32,16,-4,-1,1
10/24/2011 0:15,297,32,16,-4,-1,1
10/24/2011 0:16,297,29,15,-3,-2,1
10/24/2011 0:17,297,26,14,-3,-2,1
10/24/2011 0:18,297,27,15,-3,-3,1
10/24/2011 0:19,297,30,15,-4,-4,1
10/24/2011 0:20,297,30,16,-4,-4,1
10/24/2011 0:21,297,32,17,-4,-6,1
10/24/2011 0:22,297,34,18,-5,-6,1
10/24/2011 0:23,297,36,18,-5,-7,1
10/24/2011 0:24,297,36,19,-5,-8,1
10/24/2011 0:25,297,36,20,-5,-8,1
10/24/2011 0:26,297,35,19,-5,-8,1
10/24/2011 0:27,297,33,19,-5,-8,1
10/24/2011 0:28,297,32,17,-4,-8,1
10/24/2011 0:29,297,32,17,-4,-8,1
10/24/2011 0:30,297,31,17,-4,-8,1
10/24/2011 0:31,297,31,17,-4,-8,1
10/24/2011 0:32,297,30,16,-3,-7,1
10/24/2011 0:33,297,30,16,-3,-7,1
10/24/2011 0:34,297,30,17,-3,-7,1
10/24/2011 0:35,297,29,16,-3,-7,1
10/24/2011 0:36,297,29,16,-3,-7,1
10/24/2011 0:37,297,30,16,-3,-7,1
10/24/2011 0:38,297,30,16,-3,-7,1
10/24/2011 0:39,297,30,16,-3,-7,1
10/24/2011 0:40,297,29,17,-3,-7,1
10/24/2011 0:41,297,28,16,-3,-7,1
10/24/2011 0:42,297,29,16,-3,-7,1
10/24/2011 0:43,297,28,16,-3,-7,1
10/24/2011 0:44,297,28,17,-3,-7,1
10/24/2011 0:45,297,28,17,-3,-8,1
10/24/2011 0:46,297,28,17,-2,-8,1
10/24/2011 0:47,297,27,15,-2,-7,1
10/24/2011 0:48,297,27,15,-2,-7,1
10/24/2011 0:49,297,27,15,-2,-7,1
10/24/2011 0:50,297,26,16,-2,-7,1
10/24/2011 0:51,297,26,16,-2,-7,1
10/24/2011 0:52,297,25,15,-2,-7,1
10/24/2011 0:53,297,25,15,-2,-7,1
10/24/2011 0:54,297,24,15,-2,-7,1
10/24/2011 0:55,297,24,16,-2,-7,1
10/24/2011 0:56,297,23,15,-2,-7,1
10/24/2011 0:57,297,23,15,-2,-6,1
10/24/2011 0:58,297,23,15,-2,-6,1
10/24/2011 0:59,297,23,15,-2,-6,1
10/24/2011 1:00,297,23,15,-2,-6,1
10/24/2011 1:01,297,22,14,-2,-6,1
10/24/2011 1:02,297,22,14,-1,-6,1
10/24/2011 1:03,297,21,14,-2,-6,1
10/24/2011 1:04,297,20,13,-1,-5,1
10/24/2011 1:05,297,20,13,-1,-5,1
10/24/2011 1:06,297,20,13,-1,-5,1
10/24/2011 1:07,297,19,14,-1,-5,1
10/24/2011 1:08,297,18,14,-1,-5,1
10/24/2011 1:09,297,18,13,-1,-5,1
10/24/2011 1:10,297,18,13,-1,-5,1
10/24/2011 1:11,297,18,13,-1,-5,1
10/24/2011 1:12,297,18,13,-1,-5,1
10/24/2011 1:13,297,18,13,-1,-5,1
10/24/2011 1:14,297,17,14,-1,-5,1
10/24/2011 1:15,297,17,14,-1,-5,1
10/24/2011 1:16,297,17,13,-1,-4,1
10/24/2011 1:17,297,16,12,-1,-5,1
10/24/2011 1:18,297,15,12,-1,-4,1
10/24/2011 1:19,297,15,12,-1,-4,1
10/24/2011 1:20,297,15,12,-1,-4,1
10/24/2011 1:21,297,15,12,-1,-4,1
10/24/2011 1:22,297,14,12,0,-4,1
10/24/2011 1:23,297,15,12,-1,-4,1
10/24/2011 1:24,297,15,11,0,-3,1
10/24/2011 1:25,297,15,12,0,-3,1
10/24/2011 1:26,297,15,11,-1,-3,1
10/24/2011 1:27,297,14,12,-1,-3,1
10/24/2011 1:28,297,14,13,-1,-3,1
10/24/2011 1:29,297,14,13,-1,-3,1
10/24/2011 1:30,297,13,13,0,-3,1
10/24/2011 1:31,297,13,13,0,-3,1
10/24/2011 1:32,297,13,13,0,-3,1
10/24/2011 1:33,297,12,13,0,-2,1
10/24/2011 1:34,297,12,13,0,-2,1
10/24/2011 1:35,297,11,14,0,-2,1
10/24/2011 1:36,297,11,13,0,-1,1
10/24/2011 1:37,297,11,13,0,-1,1
10/24/2011 1:38,297,10,13,0,-1,1
10/24/2011 1:39,297,10,13,0,-1,1
10/24/2011 1:40,297,11,13,0,-1,1
10/24/2011 1:41,297,10,12,0,-1,1
10/24/2011 1:42,297,11,12,0,-1,1
10/24/2011 1:43,297,10,12,0,-1,1
10/24/2011 1:44,297,10,12,0,-1,1
10/24/2011 1:45,297,10,12,0,-1,1
10/24/2011 1:46,297,10,12,0,-1,1
10/24/2011 1:47,297,11,12,0,-1,1
10/24/2011 1:48,297,11,12,0,-1,1
10/24/2011 1:49,297,10,12,0,-1,1
10/24/2011 1:50,297,10,12,0,-1,1
10/24/2011 1:51,297,9,12,0,-1,1
10/24/2011 1:52,297,9,12,0,-1,1
10/24/2011 1:53,297,9,12,0,-1,1
10/24/2011 1:54,297,9,12,0,-1,1
10/24/2011 1:55,297,8,12,0,-1,1
10/24/2011 1:56,297,8,12,0,-1,1
10/24/2011 1:57,297,8,12,0,-1,1
10/24/2011 1:58,297,8,12,0,-1,1
10/24/2011 1:59,297,7,13,0,0,1
10/24/2011 2:00,297,6,13,0,0,1
10/24/2011 2:01,297,6,13,0,0,1
10/24/2011 2:02,297,6,13,0,0,1
10/24/2011 2:03,297,6,13,0,-1,1
10/24/2011 2:04,297,5,13,0,-1,1
10/24/2011 2:05,297,5,13,0,-1,1
10/24/2011 2:06,297,5,13,0,-1,1
10/24/2011 2:07,297,5,13,0,-1,1
10/24/2011 2:08,297,5,13,1,-1,1
10/24/2011 2:09,297,5,13,1,-1,1
10/24/2011 2:10,297,5,13,1,-1,1
10/24/2011 2:11,297,5,12,1,-1,1
10/24/2011 2:12,297,6,12,1,-1,1
10/24/2011 2:13,297,6,12,1,-1,1
10/24/2011 2:14,297,6,11,1,-1,1
10/24/2011 2:15,297,6,11,1,-2,1
10/24/2011 2:16,297,6,11,1,-2,1
10/24/2011 2:17,297,7,11,1,-2,1
10/24/2011 2:18,297,7,11,1,-2,1
10/24/2011 2:19,297,7,11,1,-2,1
10/24/2011 2:20,297,7,10,1,-2,1
10/24/2011 2:21,297,6,10,1,-2,1
10/24/2011 2:22,297,7,11,1,-2,1
10/24/2011 2:23,297,7,11,1,-2,1
10/24/2011 2:24,297,8,11,1,-2,1
10/24/2011 2:25,297,8,11,1,-2,1
10/24/2011 2:26,297,8,11,1,-2,1
10/24/2011 2:27,297,9,11,1,-2,1
10/24/2011 2:28,297,9,10,1,-3,1
10/24/2011 2:29,297,10,9,1,-2,1
10/24/2011 2:30,297,10,9,1,-2,1
10/24/2011 2:31,297,10,9,1,-2,1
10/24/2011 2:32,297,10,8,1,-2,1
10/24/2011 2:33,297,11,8,1,-2,1
10/24/2011 2:34,297,11,9,1,-2,1
10/24/2011 2:35,297,10,9,1,-2,1
10/24/2011 2:36,297,11,9,1,-2,1
10/24/2011 2:37,297,11,8,1,-2,1
10/24/2011 2:38,297,10,9,1,-2,1
10/24/2011 2:39,297,11,9,1,-2,1
10/24/2011 2:40,297,11,8,1,-2,1
10/24/2011 2:41,297,11,8,1,-2,1
10/24/2011 2:42,297,11,9,1,-1,1
10/24/2011 2:43,297,12,9,1,-2,1
10/24/2011 2:44,297,11,8,1,-1,1
10/24/2011 2:45,297,11,8,1,-1,1
10/24/2011 2:46,297,12,8,1,-1,1
10/24/2011 2:47,297,11,8,1,-2,1
10/24/2011 2:48,297,12,8,1,-1,1
10/24/2011 2:49,297,12,8,1,-1,1
10/24/2011 2:50,297,12,9,1,-2,1
10/24/2011 2:51,297,12,9,1,-2,1
10/24/2011 2:52,297,12,8,1,-2,1
10/24/2011 2:53,297,12,8,1,-2,1
10/24/2011 2:54,297,12,8,2,-2,1
10/24/2011 2:55,297,12,9,1,-2,1
10/24/2011 2:56,297,12,8,1,-2,1
10/24/2011 2:57,297,12,8,1,-2,1
10/24/2011 2:58,297,12,8,2,-2,1
10/24/2011 2:59,297,13,8,2,-2,1
10/24/2011 3:00,297,13,7,2,-2,1
10/24/2011 3:01,297,14,7,2,-2,1
10/24/2011 3:02,297,13,7,2,-2,1
10/24/2011 3:03,297,14,7,2,-2,1
10/24/2011 3:04,297,13,6,2,-3,1
10/24/2011 3:05,297,14,6,2,-3,1
10/24/2011 3:06,297,14,7,2,-2,1
10/24/2011 3:07,297,14,8,2,-3,1
10/24/2011 3:08,297,14,7,2,-3,1
10/24/2011 3:09,297,14,7,2,-3,1
10/24/2011 3:10,297,14,7,2,-3,1
10/24/2011 3:11,297,14,7,2,-2,1
10/24/2011 3:12,297,14,7,2,-2,1
10/24/2011 3:13,297,15,7,2,-2,1
10/24/2011 3:14,297,15,7,2,-2,1
10/24/2011 3:15,297,14,6,2,-3,1
10/24/2011 3:16,297,15,6,2,-3,1
10/24/2011 3:17,297,15,6,2,-3,1
10/24/2011 3:18,297,15,6,2,-3,1
10/24/2011 3:19,297,15,6,2,-2,1
10/24/2011 3:20,297,15,6,2,-2,1
10/24/2011 3:21,297,15,6,2,-2,1
10/24/2011 3:22,297,14,5,2,-2,1
10/24/2011 3:23,297,15,6,2,-3,1
10/24/2011 3:24,297,15,7,2,-3,1
10/24/2011 3:25,297,15,7,2,-3,1
10/24/2011 3:26,297,14,6,2,-3,1
10/24/2011 3:27,297,15,6,2,-3,1
10/24/2011 3:28,297,15,6,2,-3,1
10/24/2011 3:29,297,15,6,2,-3,1
10/24/2011 3:30,297,15,5,2,-3,1
10/24/2011 3:31,297,15,6,2,-2,1
10/24/2011 3:32,297,15,6,2,-2,1
10/24/2011 3:33,297,16,6,3,-2,1
10/24/2011 3:34,297,15,5,2,-2,1
10/24/2011 3:35,297,15,5,3,-2,1
10/24/2011 3:36,297,15,5,3,-2,1
10/24/2011 3:37,297,15,5,3,-2,1
10/24/2011 3:38,297,15,5,2,-2,1
10/24/2011 3:39,297,15,5,2,-2,1
10/24/2011 3:40,297,15,4,3,-2,1
10/24/2011 3:41,297,14,5,2,-2,1
10/24/2011 3:42,297,14,5,3,-2,1
10/24/2011 3:43,297,14,5,3,-2,1
10/24/2011 3:44,297,15,4,3,-2,1
10/24/2011 3:45,297,14,4,3,-2,1
10/24/2011 3:46,297,14,4,3,-2,1
10/24/2011 3:47,297,14,4,3,-2,1
10/24/2011 3:48,297,14,4,3,-2,1
10/24/2011 3:49,297,14,4,3,-2,1
10/24/2011 3:50,297,14,5,3,-2,1
10/24/2011 3:51,297,13,4,3,-2,1
10/24/2011 3:52,297,13,4,3,-2,1
10/24/2011 3:53,297,13,4,3,-2,1
10/24/2011 3:54,297,13,4,3,-3,1
10/24/2011 3:55,297,13,4,3,-3,1
10/24/2011 3:56,297,13,4,3,-3,1
10/24/2011 3:57,297,13,4,3,-3,1
10/24/2011 3:58,297,13,4,3,-3,1
10/24/2011 3:59,297,13,3,3,-3,1
10/24/2011 4:00,297,13,3,3,-3,1
10/24/2011 4:01,297,13,3,3,-3,1
10/24/2011 4:02,297,13,3,3,-3,1
10/24/2011 4:03,297,13,4,3,-3,1
10/24/2011 4:04,297,13,4,3,-3,1
10/24/2011 4:05,297,13,3,3,-3,1
10/24/2011 4:06,297,13,3,3,-3,1
10/24/2011 4:07,297,13,3,3,-3,1
10/24/2011 4:08,297,14,4,3,-3,1
10/24/2011 4:09,297,13,4,3,-2,1
10/24/2011 4:10,297,13,4,3,-2,1
10/24/2011 4:11,297,13,4,3,-2,1
10/24/2011 4:12,297,13,4,3,-2,1
10/24/2011 4:13,297,13,3,3,-2,1
10/24/2011 4:14,297,13,3,3,-2,1
10/24/2011 4:15,297,12,3,3,-2,1
10/24/2011 4:16,297,12,3,3,-2,1
10/24/2011 4:17,297,12,4,3,-2,1
10/24/2011 4:18,297,12,4,3,-2,1
10/24/2011 4:19,297,12,3,3,-1,1
10/24/2011 4:20,297,11,3,3,-2,1
10/24/2011 4:21,297,11,3,3,-2,1
10/24/2011 4:22,297,11,3,3,-1,1
10/24/2011 4:23,297,11,2,2,-1,1
10/24/2011 4:24,297,11,2,3,-1,1
10/24/2011 4:25,297,11,3,3,-1,1
10/24/2011 4:26,297,11,3,3,-1,1
10/24/2011 4:27,297,10,3,3,-1,1
10/24/2011 4:28,297,10,3,3,-1,1
10/24/2011 4:29,297,10,3,3,-1,1
10/24/2011 4:30,297,10,3,3,-1,1
10/24/2011 4:31,297,10,4,3,-1,1
10/24/2011 4:32,297,10,4,3,-1,1
10/24/2011 4:33,297,10,3,3,-1,1
10/24/2011 4:34,297,10,3,3,-1,1
10/24/2011 4:35,297,10,3,3,-1,1
10/24/2011 4:36,297,10,4,3,-1,1
10/24/2011 4:37,297,9,4,3,-1,1
10/24/2011 4:38,297,9,3,3,0,1
10/24/2011 4:39,297,8,3,3,-1,1
10/24/2011 4:40,297,8,3,3,-1,1
10/24/2011 4:41,297,8,3,3,-1,1
10/24/2011 4:42,297,8,3,3,-1,1
10/24/2011 4:43,297,8,3,3,-1,1
10/24/2011 4:44,297,8,3,3,-1,1
10/24/2011 4:45,297,8,2,3,-1,1
10/24/2011 4:46,297,8,3,3,-1,1
10/24/2011 4:47,297,7,3,3,-1,1
10/24/2011 4:48,297,7,3,3,-1,1
10/24/2011 4:49,297,7,3,3,-1,1
10/24/2011 4:50,297,7,2,3,0,1
10/24/2011 4:51,297,7,3,3,0,1
10/24/2011 4:52,297,7,3,3,0,1
10/24/2011 4:53,297,6,3,3,0,1
10/24/2011 4:54,297,6,3,3,0,1
10/24/2011 4:55,297,6,3,3,0,1
10/24/2011 4:56,297,6,3,2,0,1
10/24/2011 4:57,297,7,3,3,0,1
10/24/2011 4:58,297,6,3,3,0,1
10/24/2011 4:59,297,6,3,2,0,1
10/24/2011 5:00,297,7,4,2,0,1
10/24/2011 5:01,297,6,3,2,1,1
10/24/2011 5:02,297,6,3,2,1,1
10/24/2011 5:03,297,6,3,2,1,1
10/24/2011 5:04,297,6,4,2,1,1
10/24/2011 5:05,297,6,4,2,1,1
10/24/2011 5:06,297,6,4,2,1,1
10/24/2011 5:07,297,6,4,2,1,1
10/24/2011 5:08,297,6,4,2,1,1
10/24/2011 5:09,297,6,4,2,1,1
10/24/2011 5:10,297,6,4,2,1,1
10/24/2011 5:11,297,6,4,2,1,1
10/24/2011 5:12,297,6,5,2,1,1
10/24/2011 5:13,297,6,5,2,1,1
10/24/2011 5:14,297,6,5,2,1,1
10/24/2011 5:15,297,6,4,2,2,1
10/24/2011 5:16,297,6,4,2,2,1
10/24/2011 5:17,297,6,5,2,2,1
10/24/2011 5:18,297,6,4,1,2,1
10/24/2011 5:19,297,6,4,1,2,1
10/24/2011 5:20,297,6,5,1,2,1
10/24/2011 5:21,297,6,5,1,2,1
10/24/2011 5:22,297,6,5,1,1,1
10/24/2011 5:23,297,7,7,1,1,1
10/24/2011 5:24,297,7,7,1,1,1
10/24/2011 5:25,297,7,7,1,1,1
10/24/2011 5:26,297,7,7,1,1,1
10/24/2011 5:27,297,7,7,1,1,1
10/24/2011 5:28,297,6,7,1,1,1
10/24/2011 5:29,297,6,7,1,1,1
10/24/2011 5:30,297,6,7,1,1,1
10/24/2011 5:31,297,6,7,1,1,1
10/24/2011 5:32,297,6,7,1,1,1
10/24/2011 5:33,297,6,6,1,2,1
10/24/2011 5:34,297,7,6,1,2,1
10/24/2011 5:35,297,7,7,1,2,1
10/24/2011 5:36,297,7,7,0,2,1
10/24/2011 5:37,297,7,7,0,2,1
10/24/2011 5:38,297,7,8,0,2,1
10/24/2011 5:39,297,8,7,0,2,1
10/24/2011 5:40,297,8,7,0,2,1
10/24/2011 5:41,297,9,7,0,3,1
10/24/2011 5:42,297,9,7,0,3,1
10/24/2011 5:43,297,9,7,0,2,1
10/24/2011 5:44,297,9,7,0,2,1
10/24/2011 5:45,297,9,8,0,3,1
10/24/2011 5:46,297,10,8,-1,3,1
10/24/2011 5:47,297,10,8,-1,2,1
10/24/2011 5:48,297,10,9,-1,1,1
10/24/2011 5:49,297,10,8,-1,1,1
10/24/2011 5:50,297,10,8,-1,1,1
10/24/2011 5:51,297,10,9,-1,0,1
10/24/2011 5:52,297,10,9,-1,0,1
10/24/2011 5:53,297,10,10,-1,-1,1
10/24/2011 5:54,297,10,10,-1,-1,1
10/24/2011 5:55,297,11,9,-1,-1,1
10/24/2011 5:56,297,12,9,-1,0,1
10/24/2011 5:57,297,13,9,-1,0,1
10/24/2011 5:58,297,12,9,-1,1,1
10/24/2011 5:59,297,13,9,-1,2,1
10/24/2011 6:00,297,13,10,-1,2,1
10/24/2011 6:01,297,13,10,-2,3,1
10/24/2011 6:02,297,13,10,-2,3,1
10/24/2011 6:03,297,14,10,-2,3,1
10/24/2011 6:04,297,14,10,-2,3,1
10/24/2011 6:05,297,14,11,-2,2,1
10/24/2011 6:06,297,14,10,-2,2,1
10/24/2011 6:07,297,14,12,-2,1,1
10/24/2011 6:08,297,14,11,-2,1,1
10/24/2011 6:09,297,15,12,-2,0,1
10/24/2011 6:10,297,15,12,-2,0,1
10/24/2011 6:11,297,15,12,-3,-1,1
10/24/2011 6:12,297,15,13,-3,-1,1
10/24/2011 6:13,297,15,13,-3,-1,1
10/24/2011 6:14,297,14,14,-3,-2,1
10/24/2011 6:15,297,15,13,-3,-2,1
10/24/2011 6:16,297,14,14,-3,-3,1
10/24/2011 6:17,297,14,14,-3,-3,1
10/24/2011 6:18,297,14,15,-3,-3,1
10/24/2011 6:19,297,13,15,-3,-3,1
10/24/2011 6:20,297,12,15,-3,-4,1
10/24/2011 6:21,297,12,14,-3,-3,1
10/24/2011 6:22,297,10,13,-3,-4,1
10/24/2011 6:23,297,10,13,-2,-4,1
10/24/2011 6:24,297,9,13,-2,-4,1
10/24/2011 6:25,297,8,12,-2,-4,1
10/24/2011 6:26,297,8,11,-2,-5,1
10/24/2011 6:27,297,7,12,-2,-5,1
10/24/2011 6:28,297,7,11,-1,-5,1
10/24/2011 6:29,297,6,11,-1,-6,1
10/24/2011 6:30,297,6,12,-1,-6,1
10/24/2011 6:31,297,6,11,-1,-5,1
10/24/2011 6:32,297,6,12,-1,-6,1
10/24/2011 6:33,297,5,12,-1,-6,1
10/24/2011 6:34,297,5,11,-1,-5,1
10/24/2011 6:35,297,5,12,-1,-6,1
10/24/2011 6:36,297,5,12,-1,-6,1
10/24/2011 6:37,297,5,11,-1,-5,1
10/24/2011 6:38,297,5,12,-1,-5,1
10/24/2011 6:39,297,5,12,-1,-5,1
10/24/2011 6:40,297,5,12,-1,-5,1
10/24/2011 6:41,297,5,12,-1,-5,1
10/24/2011 6:42,297,5,11,-1,-5,1
10/24/2011 6:43,297,6,12,-1,-5,1
10/24/2011 6:44,297,6,12,0,-5,1
10/24/2011 6:45,297,6,12,0,-5,1
10/24/2011 6:46,297,6,11,0,-4,1
10/24/2011 6:47,297,7,11,0,-4,1
10/24/2011 6:48,297,7,11,0,-4,1
10/24/2011 6:49,297,6,11,0,-3,1
10/24/2011 6:50,297,6,11,0,-4,1
10/24/2011 6:51,297,6,12,0,-4,1
10/24/2011 6:52,297,7,12,1,-3,1
10/24/2011 6:53,297,7,12,1,-4,1
10/24/2011 6:54,297,8,12,1,-3,1
10/24/2011 6:55,297,9,12,1,-3,1
10/24/2011 6:56,297,8,11,1,-2,1
10/24/2011 6:57,297,9,12,1,-1,1
10/24/2011 6:58,297,9,12,1,-1,1
10/24/2011 6:59,297,10,11,1,0,1
10/24/2011 7:00,297,10,12,0,0,1
10/24/2011 7:01,297,10,12,0,0,1
10/24/2011 7:02,297,10,13,1,0,1
10/24/2011 7:03,297,10,13,0,-1,1
10/24/2011 7:04,297,11,12,1,0,1
10/24/2011 7:05,297,11,12,1,0,1
10/24/2011 7:06,297,11,12,0,0,1
10/24/2011 7:07,297,11,12,0,1,1
10/24/2011 7:08,297,11,12,0,1,1
10/24/2011 7:09,297,11,12,0,1,1
10/24/2011 7:10,297,10,12,0,1,1
10/24/2011 7:11,297,11,12,0,1,1
10/24/2011 7:12,297,11,12,0,1,1
10/24/2011 7:13,297,12,12,0,1,1
10/24/2011 7:14,297,12,12,0,1,1
10/24/2011 7:15,297,12,13,0,1,1
10/24/2011 7:16,297,11,13,0,1,1
10/24/2011 7:17,297,11,13,0,1,1
10/24/2011 7:18,297,12,12,1,2,1
10/24/2011 7:19,297,11,13,1,2,1
10/24/2011 7:20,297,11,13,1,2,1
10/24/2011 7:21,297,12,12,0,2,1
10/24/2011 7:22,297,12,12,0,2,1
10/24/2011 7:23,297,13,12,0,2,1
10/24/2011 7:24,297,13,12,0,2,1
10/24/2011 7:25,297,13,12,1,2,1
10/24/2011 7:26,297,13,12,1,2,1
10/24/2011 7:27,297,13,12,1,2,1
10/24/2011 7:28,297,13,12,1,2,1
10/24/2011 7:29,297,12,13,1,3,1
10/24/2011 7:30,297,12,12,0,3,1
10/24/2011 7:31,297,12,13,0,3,1
10/24/2011 7:32,297,12,13,0,3,1
10/24/2011 7:33,297,12,13,0,3,1
10/24/2011 7:34,297,12,11,1,3,1
10/24/2011 7:35,297,12,11,1,3,1
10/24/2011 7:36,297,12,11,0,3,1
10/24/2011 7:37,297,12,11,0,3,1
10/24/2011 7:38,297,12,11,0,4,1
10/24/2011 7:39,297,12,11,0,4,1
10/24/2011 7:40,297,12,12,0,5,1
10/24/2011 7:41,297,11,12,0,5,1
10/24/2011 7:42,297,10,13,0,5,1
10/24/2011 7:43,297,10,13,0,5,1
10/24/2011 7:44,297,10,13,0,5,1
10/24/2011 7:45,297,10,14,-1,5,1
10/24/2011 7:46,297,9,13,0,5,1
10/24/2011 7:47,297,9,14,-1,5,1
10/24/2011 7:48,297,8,14,-1,5,1
10/24/2011 7:49,297,9,15,-1,5,1
10/24/2011 7:50,297,10,15,-1,5,1
10/24/2011 7:51,297,10,15,-1,5,1
10/24/2011 7:52,297,11,17,-1,5,1
10/24/2011 7:53,297,11,17,-1,4,1
10/24/2011 7:54,297,11,17,-1,4,1
10/24/2011 7:55,297,12,17,-1,4,1
10/24/2011 7:56,297,12,17,0,4,1
10/24/2011 7:57,297,13,18,0,4,1
10/24/2011 7:58,297,13,18,0,4,1
10/24/2011 7:59,297,13,17,0,4,1
10/24/2011 8:00,297,14,18,0,4,1
10/24/2011 8:01,297,14,17,0,4,1
10/24/2011 8:02,297,14,17,0,4,1
10/24/2011 8:03,297,14,17,1,3,1
10/24/2011 8:04,297,14,17,1,3,1
10/24/2011 8:05,297,14,16,1,2,1
10/24/2011 8:06,297,15,15,1,2,1
10/24/2011 8:07,297,15,15,1,2,1
10/24/2011 8:08,297,14,14,1,2,1
10/24/2011 8:09,297,14,14,1,2,1
10/24/2011 8:10,297,14,14,1,2,1
10/24/2011 8:11,297,15,14,1,2,1
10/24/2011 8:12,297,15,14,1,2,1
10/24/2011 8:13,297,15,14,1,2,1
10/24/2011 8:14,297,15,14,1,2,1
10/24/2011 8:15,297,15,14,1,2,1
10/24/2011 8:16,297,15,14,1,2,1
10/24/2011 8:17,297,15,14,1,1,1
10/24/2011 8:18,297,15,14,1,1,1
10/24/2011 8:19,297,16,14,1,1,1
10/24/2011 8:20,297,16,14,1,1,1
10/24/2011 8:21,297,16,14,1,1,1
10/24/2011 8:22,297,16,14,1,1,1
10/24/2011 8:23,297,16,14,1,1,1
10/24/2011 8:24,297,16,14,1,1,1
10/24/2011 8:25,297,16,15,1,0,1
10/24/2011 8:26,297,16,15,1,0,1
10/24/2011 8:27,297,16,16,1,0,1
10/24/2011 8:28,297,16,16,1,-1,1
10/24/2011 8:29,297,16,15,1,-1,1
10/24/2011 8:30,297,16,15,1,-1,1
10/24/2011 8:31,297,16,15,1,-1,1
10/24/2011 8:32,297,16,14,2,-1,1
10/24/2011 8:33,297,16,14,1,0,1
10/24/2011 8:34,297,15,15,1,0,1
10/24/2011 8:35,297,15,16,1,-1,1
10/24/2011 8:36,297,15,16,2,-2,1
10/24/2011 8:37,297,16,15,2,-2,1
10/24/2011 8:38,297,15,14,2,-2,1
10/24/2011 8:39,297,14,14,2,-1,1
10/24/2011 8:40,297,13,13,1,-2,1
10/24/2011 8:41,297,13,14,2,-2,1
10/24/2011 8:42,297,13,14,2,-3,1
10/24/2011 8:43,297,13,13,2,-3,1
10/24/2011 8:44,297,13,13,2,-4,1
10/24/2011 8:45,297,12,13,2,-4,1
10/24/2011 8:46,297,13,13,2,-4,1
10/24/2011 8:47,297,13,13,2,-3,1
10/24/2011 8:48,297,12,12,2,-3,1
10/24/2011 8:49,297,11,13,2,-3,1
10/24/2011 8:50,297,11,12,2,-4,1
10/24/2011 8:51,297,11,12,2,-4,1
10/24/2011 8:52,297,11,12,2,-4,1
10/24/2011 8:53,297,10,12,2,-3,1
10/24/2011 8:54,297,11,11,2,-4,1
10/24/2011 8:55,297,11,11,2,-3,1
10/24/2011 8:56,297,11,11,2,-4,1
10/24/2011 8:57,297,11,10,2,-4,1
10/24/2011 8:58,297,12,11,2,-3,1
10/24/2011 8:59,297,12,11,2,-3,1
10/24/2011 9:00,297,11,9,2,-2,1
10/24/2011 9:01,297,10,10,2,-3,1
10/24/2011 9:02,297,9,10,1,-3,1
10/24/2011 9:03,297,9,10,2,-3,1
10/24/2011 9:04,297,9,10,1,-3,1
10/24/2011 9:05,297,10,11,2,-3,1
10/24/2011 9:06,297,10,10,1,-2,1
10/24/2011 9:07,297,9,10,1,-2,1
10/24/2011 9:08,297,10,9,1,-1,1
10/24/2011 9:09,297,9,9,1,-1,1
10/24/2011 9:10,297,9,10,2,-2,1
10/24/2011 9:11,297,9,10,2,-2,1
10/24/2011 9:12,297,9,10,2,-2,1
10/24/2011 9:13,297,10,9,1,-1,1
10/24/2011 9:14,297,10,9,2,-1,1
10/24/2011 9:15,297,10,9,2,-1,1
10/24/2011 9:16,297,10,9,1,-1,1
10/24/2011 9:17,297,10,10,1,0,1
10/24/2011 9:18,297,9,10,1,0,1
10/24/2011 9:19,297,10,10,1,0,1
10/24/2011 9:20,297,8,10,1,0,1
10/24/2011 9:21,297,8,10,1,0,1
10/24/2011 9:22,297,8,10,1,0,1
10/24/2011 9:23,297,8,11,1,1,1
10/24/2011 9:24,297,7,10,1,1,1
10/24/2011 9:25,297,8,10,1,1,1
10/24/2011 9:26,297,8,10,1,0,1
10/24/2011 9:27,297,8,9,1,1,1
10/24/2011 9:28,297,9,9,1,1,1
10/24/2011 9:29,297,10,9,1,1,1
10/24/2011 9:30,297,10,10,1,1,1
10/24/2011 9:31,297,10,10,1,2,1
10/24/2011 9:32,297,10,10,1,2,1
10/24/2011 9:33,297,10,9,1,2,1
10/24/2011 9:34,297,9,9,1,2,1
10/24/2011 9:35,297,9,9,1,2,1
10/24/2011 9:36,297,9,9,1,2,1
10/24/2011 9:37,297,10,9,1,2,1
10/24/2011 9:38,297,9,9,1,3,1
10/24/2011 9:39,297,9,9,1,3,1
10/24/2011 9:40,297,8,9,1,2,1
10/24/2011 9:41,297,8,9,1,2,1
10/24/2011 9:42,297,9,9,1,2,1
10/24/2011 9:43,297,8,10,1,2,1
10/24/2011 9:44,297,8,11,1,2,1
10/24/2011 9:45,297,8,11,1,2,1
10/24/2011 9:46,297,9,11,1,2,1
10/24/2011 9:47,297,8,11,1,2,1
10/24/2011 9:48,297,8,11,1,2,1
10/24/2011 9:49,297,8,11,1,2,1
10/24/2011 9:50,297,8,11,1,2,1
10/24/2011 9:51,297,8,11,1,2,1
10/24/2011 9:52,297,8,11,1,2,1
10/24/2011 9:53,297,8,11,1,2,1
10/24/2011 9:54,297,8,12,1,2,1
10/24/2011 9:55,297,8,12,1,2,1
10/24/2011 9:56,297,8,12,0,2,1
10/24/2011 9:57,297,8,12,1,2,1
10/24/2011 9:58,297,8,12,0,2,1
10/24/2011 9:59,297,8,12,0,2,1
10/24/2011 10:00,297,8,12,0,2,1
10/24/2011 10:01,297,8,13,0,3,1
10/24/2011 10:02,297,8,13,0,3,1
10/24/2011 10:03,297,9,13,0,3,1
10/24/2011 10:04,297,8,13,0,4,1
10/24/2011 10:05,297,8,14,0,4,1
10/24/2011 10:06,297,8,14,0,5,1
10/24/2011 10:07,297,8,14,0,4,1
10/24/2011 10:08,297,9,14,0,4,1
10/24/2011 10:09,297,9,14,0,4,1
10/24/2011 10:10,297,9,13,0,5,1
10/24/2011 10:11,297,9,13,0,5,1
10/24/2011 10:12,297,9,14,0,4,1
10/24/2011 10:13,297,9,14,0,4,1
10/24/2011 10:14,297,9,15,0,4,1
10/24/2011 10:15,297,10,15,0,5,1
10/24/2011 10:16,297,10,15,0,5,1
10/24/2011 10:17,297,9,14,0,5,1
10/24/2011 10:18,297,9,14,0,5,1
10/24/2011 10:19,297,9,15,0,6,1
10/24/2011 10:20,297,10,16,0,6,1
10/24/2011 10:21,297,10,16,0,8,1
10/24/2011 10:22,297,9,17,0,8,1
10/24/2011 10:23,297,7,18,-1,7,1
10/24/2011 10:24,297,8,19,-1,7,1
10/24/2011 10:25,297,8,18,-1,6,1
10/24/2011 10:26,297,10,20,0,6,1
10/24/2011 10:27,297,11,19,0,5,1
10/24/2011 10:28,297,11,19,0,4,1
10/24/2011 10:29,297,12,18,0,4,1
10/24/2011 10:30,297,12,18,0,4,1
10/24/2011 10:31,297,12,17,0,4,1
10/24/2011 10:32,297,11,17,1,4,1
10/24/2011 10:33,297,10,17,0,4,1
10/24/2011 10:34,297,10,17,0,4,1
10/24/2011 10:35,297,10,17,0,5,1
10/24/2011 10:36,297,10,16,0,5,1
10/24/2011 10:37,297,9,17,0,4,1
10/24/2011 10:38,297,9,18,0,5,1
10/24/2011 10:39,297,10,17,0,5,1
10/24/2011 10:40,297,10,17,0,5,1
10/24/2011 10:41,297,10,19,0,5,1
10/24/2011 10:42,297,10,19,0,5,1
10/24/2011 10:43,297,11,19,0,5,1
10/24/2011 10:44,297,11,19,0,5,1
10/24/2011 10:45,297,11,19,0,5,1
10/24/2011 10:46,297,12,19,0,5,1
10/24/2011 10:47,297,11,19,0,5,1
10/24/2011 10:48,297,11,19,0,6,1
10/24/2011 10:49,297,11,20,0,6,1
10/24/2011 10:50,297,10,21,0,7,1
10/24/2011 10:51,297,10,21,0,7,1
10/24/2011 10:52,297,10,22,0,6,1
10/24/2011 10:53,297,9,21,0,6,1
10/24/2011 10:54,297,10,22,0,6,1
10/24/2011 10:55,297,10,22,0,6,1
10/24/2011 10:56,297,11,22,0,5,1
10/24/2011 10:57,297,11,22,0,5,1
10/24/2011 10:58,297,11,21,0,5,1
10/24/2011 10:59,297,11,22,0,5,1
10/24/2011 11:00,297,11,22,0,5,1
10/24/2011 11:01,297,12,22,1,5,1
10/24/2011 11:02,297,12,21,1,5,1
10/24/2011 11:03,297,12,21,1,5,1
10/24/2011 11:04,297,11,21,1,5,1
10/24/2011 11:05,297,11,21,1,5,1
10/24/2011 11:06,297,11,21,0,5,1
10/24/2011 11:07,297,11,21,0,6,1
10/24/2011 11:08,297,11,23,0,6,1
10/24/2011 11:09,297,10,23,0,7,1
10/24/2011 11:10,297,10,23,0,6,1
10/24/2011 11:11,297,10,23,0,6,1
10/24/2011 11:12,297,10,23,0,6,1
10/24/2011 11:13,297,10,23,0,6,1
10/24/2011 11:14,297,11,24,1,6,1
10/24/2011 11:15,297,11,24,1,6,1
10/24/2011 11:16,297,11,22,1,6,1
10/24/2011 11:17,297,10,22,1,6,1
10/24/2011 11:18,297,10,22,1,6,1
10/24/2011 11:19,297,10,22,1,6,1
10/24/2011 11:20,297,10,23,1,6,1
10/24/2011 11:21,297,10,23,1,6,1
10/24/2011 11:22,297,9,23,1,7,1
10/24/2011 11:23,297,9,22,1,7,1
10/24/2011 11:24,297,9,22,1,7,1
10/24/2011 11:25,297,10,22,0,6,1
10/24/2011 11:26,297,10,22,0,7,1
10/24/2011 11:27,297,9,22,1,7,1
10/24/2011 11:28,297,9,23,1,6,1
10/24/2011 11:29,297,9,21,1,6,1
10/24/2011 11:30,297,9,22,1,7,1
10/24/2011 11:31,297,9,22,1,7,1
10/24/2011 11:32,297,9,22,1,7,1
10/24/2011 11:33,297,9,22,1,7,1
10/24/2011 11:34,297,9,23,1,7,1
10/24/2011 11:35,297,9,23,1,7,1
10/24/2011 11:36,297,7,23,1,7,1
10/24/2011 11:37,297,8,23,0,7,1
10/24/2011 11:38,297,9,21,1,7,1
10/24/2011 11:39,297,9,21,1,7,1
10/24/2011 11:40,297,8,21,1,7,1
10/24/2011 11:41,297,8,21,1,7,1
10/24/2011 11:42,297,9,21,1,7,1
10/24/2011 11:43,297,9,21,1,7,1
10/24/2011 11:44,297,8,20,1,7,1
10/24/2011 11:45,297,8,20,1,7,1
10/24/2011 11:46,297,8,20,1,7,1
10/24/2011 11:47,297,8,20,1,7,1
10/24/2011 11:48,297,8,20,1,8,1
10/24/2011 11:49,297,8,20,1,8,1
10/24/2011 11:50,297,8,19,1,8,1
10/24/2011 11:51,297,8,19,1,8,1
10/24/2011 11:52,297,8,19,0,8,1
10/24/2011 11:53,297,8,19,0,8,1
10/24/2011 11:54,297,8,18,1,9,1
10/24/2011 11:55,297,8,19,1,9,1
10/24/2011 11:56,297,8,20,0,9,1
10/24/2011 11:57,297,7,20,1,10,1
10/24/2011 11:58,297,8,21,0,9,1
10/24/2011 11:59,297,8,21,0,9,1
10/24/2011 12:00,297,8,21,0,9,1
10/24/2011 12:01,297,8,21,1,9,1
10/24/2011 12:02,297,8,19,1,9,1
10/24/2011 12:03,297,8,21,1,10,1
10/24/2011 12:04,297,8,21,1,10,1
10/24/2011 12:05,297,8,22,1,10,1
10/24/2011 12:06,297,8,21,1,10,1
10/24/2011 12:07,297,8,20,1,10,1
10/24/2011 12:08,297,8,20,1,10,1
10/24/2011 12:09,297,8,19,1,10,1
10/24/2011 12:10,297,8,19,1,10,1
10/24/2011 12:11,297,8,19,0,10,1
10/24/2011 12:12,297,8,17,0,10,1
10/24/2011 12:13,297,8,17,1,10,1
10/24/2011 12:14,297,8,18,0,10,1
10/24/2011 12:15,297,8,18,0,10,1
10/24/2011 12:16,297,8,18,0,10,1
10/24/2011 12:17,297,7,18,0,10,1
10/24/2011 12:18,297,7,17,0,10,1
10/24/2011 12:19,297,8,18,0,10,1
10/24/2011 12:20,297,8,18,0,10,1
10/24/2011 12:21,297,8,18,0,10,1
10/24/2011 12:22,297,8,18,0,10,1
10/24/2011 12:23,297,8,19,0,11,1
10/24/2011 12:24,297,8,19,0,11,1
10/24/2011 12:25,297,8,19,0,11,1
10/24/2011 12:26,297,8,19,0,11,1
10/24/2011 12:27,297,8,18,0,10,1
10/24/2011 12:28,297,8,18,0,10,1
10/24/2011 12:29,297,8,17,0,10,1
10/24/2011 12:30,297,8,17,0,10,1
10/24/2011 12:31,297,8,17,0,10,1
10/24/2011 12:32,297,8,18,0,10,1
10/24/2011 12:33,297,8,18,0,10,1
10/24/2011 12:34,297,7,17,0,10,1
10/24/2011 12:35,297,7,17,-1,10,1
10/24/2011 12:36,297,7,17,0,10,1
10/24/2011 12:37,297,7,17,0,10,1
10/24/2011 12:38,297,6,17,0,11,1
10/24/2011 12:39,297,6,17,0,10,1
10/24/2011 12:40,297,6,16,0,11,1
10/24/2011 12:41,297,7,17,0,10,1
10/24/2011 12:42,297,7,17,0,10,1
10/24/2011 12:43,297,7,16,0,10,1
10/24/2011 12:44,297,7,16,0,10,1
10/24/2011 12:45,297,7,16,0,10,1
10/24/2011 12:46,297,7,16,0,10,1
10/24/2011 12:47,297,7,16,-1,10,1
10/24/2011 12:48,297,7,16,0,10,1
10/24/2011 12:49,297,7,16,0,10,1
10/24/2011 12:50,297,7,16,0,10,1
10/24/2011 12:51,297,7,16,-1,10,1
10/24/2011 12:52,297,7,16,-1,10,1
10/24/2011 12:53,297,7,16,-1,10,1
10/24/2011 12:54,297,6,16,-1,10,1
10/24/2011 12:55,297,7,15,-1,10,1
10/24/2011 12:56,297,7,15,-1,10,1
10/24/2011 12:57,297,7,15,-1,11,1
10/24/2011 12:58,297,7,15,-1,11,1
10/24/2011 12:59,297,8,15,-1,11,1
10/24/2011 13:00,297,9,15,-1,12,1
10/24/2011 13:01,297,8,15,-1,12,1
10/24/2011 13:02,297,8,15,-1,12,1
10/24/2011 13:03,297,8,15,-1,12,1
10/24/2011 13:04,297,7,14,-1,12,1
10/24/2011 13:05,297,7,15,-1,13,1
10/24/2011 13:06,297,6,15,-1,12,1
10/24/2011 13:07,297,6,15,-1,12,1
10/24/2011 13:08,297,6,15,-1,12,1
10/24/2011 13:09,297,7,15,-1,12,1
10/24/2011 13:10,297,8,15,0,12,1
10/24/2011 13:11,297,7,15,-1,12,1
10/24/2011 13:12,297,7,15,-1,12,1
10/24/2011 13:13,297,7,16,-1,12,1
10/24/2011 13:14,297,7,15,-1,11,1
10/24/2011 13:15,297,7,14,-1,11,1
10/24/2011 13:16,297,7,15,-1,11,1
10/24/2011 13:17,297,7,15,-1,11,1
10/24/2011 13:18,297,8,15,-1,11,1
10/24/2011 13:19,297,8,15,-1,11,1
10/24/2011 13:20,297,8,15,-1,11,1
10/24/2011 13:21,297,8,15,-1,11,1
10/24/2011 13:22,297,9,15,-1,11,1
10/24/2011 13:23,297,9,14,-1,12,1
10/24/2011 13:24,297,9,14,-1,11,1
10/24/2011 13:25,297,9,14,-2,11,1
10/24/2011 13:26,297,9,14,-2,12,1
10/24/2011 13:27,297,9,14,-1,12,1
10/24/2011 13:28,297,9,13,-2,12,1
10/24/2011 13:29,297,8,13,-1,12,1
10/24/2011 13:30,297,9,13,-2,12,1
10/24/2011 13:31,297,9,13,-2,12,1
10/24/2011 13:32,297,9,13,-2,12,1
10/24/2011 13:33,297,9,13,-2,12,1
10/24/2011 13:34,297,9,13,-1,12,1
10/24/2011 13:35,297,9,13,-1,12,1
10/24/2011 13:36,297,9,13,-1,12,1
10/24/2011 13:37,297,9,12,-2,13,1
10/24/2011 13:38,297,9,12,-1,13,1
10/24/2011 13:39,297,8,12,-1,13,1
10/24/2011 13:40,297,8,12,-1,13,1
10/24/2011 13:41,297,8,12,-1,13,1
10/24/2011 13:42,297,8,12,-1,13,1
10/24/2011 13:43,297,8,12,-1,13,1
10/24/2011 13:44,297,8,12,-1,13,1
10/24/2011 13:45,297,8,12,-1,13,1
10/24/2011 13:46,297,8,11,-1,12,1
10/24/2011 13:47,297,8,12,-1,12,1
10/24/2011 13:48,297,8,11,-1,12,1
10/24/2011 13:49,297,8,11,-1,12,1
10/24/2011 13:50,297,9,11,-1,12,1
10/24/2011 13:51,297,9,11,-1,13,1
10/24/2011 13:52,297,9,11,-1,12,1
10/24/2011 13:53,297,8,11,-1,13,1
10/24/2011 13:54,297,9,11,-1,12,1
10/24/2011 13:55,297,9,11,-1,13,1
10/24/2011 13:56,297,9,10,-1,13,1
10/24/2011 13:57,297,8,10,-1,13,1
10/24/2011 13:58,297,9,10,-1,13,1
10/24/2011 13:59,297,8,10,-1,13,1
10/24/2011 14:00,297,9,9,-1,13,1
10/24/2011 14:01,297,8,9,-1,13,1
10/24/2011 14:02,297,8,10,-1,13,1
10/24/2011 14:03,297,8,10,-1,13,1
10/24/2011 14:04,297,9,10,-1,13,1
10/24/2011 14:05,297,9,9,-1,12,1
10/24/2011 14:06,297,8,9,-1,12,1
10/24/2011 14:07,297,9,9,-1,12,1
10/24/2011 14:08,297,9,9,-1,12,1
10/24/2011 14:09,297,9,9,-1,12,1
10/24/2011 14:10,297,9,9,-1,12,1
10/24/2011 14:11,297,9,10,-1,12,1
10/24/2011 14:12,297,9,10,-1,12,1
10/24/2011 14:13,297,9,9,-1,12,1
10/24/2011 14:14,297,9,9,-1,12,1
10/24/2011 14:15,297,9,9,-1,12,1
10/24/2011 14:16,297,9,9,-1,12,1
10/24/2011 14:17,297,8,9,-1,12,1
10/24/2011 14:18,297,9,9,-1,12,1
10/24/2011 14:19,297,9,9,-1,12,1
10/24/2011 14:20,297,9,8,-1,12,1
10/24/2011 14:21,297,9,11,-1,12,1
10/24/2011 14:22,297,9,11,-1,12,1
10/24/2011 14:23,297,8,11,0,12,1
10/24/2011 14:24,297,9,11,-1,12,1
10/24/2011 14:25,297,9,11,0,12,1
10/24/2011 14:26,297,9,11,-1,12,1
10/24/2011 14:27,297,9,11,-1,12,1
10/24/2011 14:28,297,9,11,-1,12,1
10/24/2011 14:29,297,9,11,-1,12,1
10/24/2011 14:30,297,9,11,-1,12,1
10/24/2011 14:31,297,9,10,-1,11,1
10/24/2011 14:32,297,8,10,0,11,1
10/24/2011 14:33,297,8,9,0,12,1
10/24/2011 14:34,297,8,10,0,12,1
10/24/2011 14:35,297,8,10,0,11,1
10/24/2011 14:36,297,7,12,0,11,1
10/24/2011 14:37,297,9,12,0,12,1
10/24/2011 14:38,297,9,12,0,12,1
10/24/2011 14:39,297,9,12,0,12,1
10/24/2011 14:40,297,10,12,0,12,1
10/24/2011 14:41,297,9,11,0,11,1
10/24/2011 14:42,297,9,12,0,12,1
10/24/2011 14:43,297,9,12,0,12,1
10/24/2011 14:44,297,9,11,-1,12,1
10/24/2011 14:45,297,8,11,0,12,1
10/24/2011 14:46,297,8,12,0,12,1
10/24/2011 14:47,297,8,11,0,12,1
10/24/2011 14:48,297,7,11,0,12,1
10/24/2011 14:49,297,8,12,0,12,1
10/24/2011 14:50,297,7,11,0,11,1
10/24/2011 14:51,297,8,12,0,11,1
10/24/2011 14:52,297,8,14,0,12,1
10/24/2011 14:53,297,9,13,0,11,1
10/24/2011 14:54,297,9,13,0,11,1
10/24/2011 14:55,297,9,13,0,11,1
10/24/2011 14:56,297,8,13,0,12,1
10/24/2011 14:57,297,8,12,0,12,1
10/24/2011 14:58,297,8,12,0,12,1
10/24/2011 14:59,297,8,12,0,12,1
10/24/2011 15:00,297,7,12,0,12,1
10/24/2011 15:01,297,7,11,0,12,1
10/24/2011 15:02,297,7,11,0,12,1
10/24/2011 15:03,297,7,13,0,12,1
10/24/2011 15:04,297,7,13,0,12,1
10/24/2011 15:05,297,7,13,0,12,1
10/24/2011 15:06,297,8,13,0,12,1
10/24/2011 15:07,297,8,13,0,12,1
10/24/2011 15:08,297,8,13,0,12,1
10/24/2011 15:09,297,8,14,0,12,1
10/24/2011 15:10,297,9,14,0,13,1
10/24/2011 15:11,297,9,13,0,13,1
10/24/2011 15:12,297,9,12,-1,13,1
10/24/2011 15:13,297,9,12,0,12,1
10/24/2011 15:14,297,9,13,0,12,1
10/24/2011 15:15,297,9,12,0,12,1
10/24/2011 15:16,297,10,14,0,12,1
10/24/2011 15:17,297,10,14,0,12,1
10/24/2011 15:18,297,10,14,0,12,1
10/24/2011 15:19,297,10,14,0,12,1
10/24/2011 15:20,297,11,15,0,12,1
10/24/2011 15:21,297,11,15,0,12,1
10/24/2011 15:22,297,11,15,0,12,1
10/24/2011 15:23,297,12,15,0,13,1
10/24/2011 15:24,297,12,15,0,12,1
10/24/2011 15:25,297,12,14,0,13,1
10/24/2011 15:26,297,12,13,0,13,1
10/24/2011 15:27,297,12,12,0,13,1
10/24/2011 15:28,297,12,12,0,13,1
10/24/2011 15:29,297,12,12,0,13,1
10/24/2011 15:30,297,12,12,0,13,1
10/24/2011 15:31,297,12,12,0,13,1
10/24/2011 15:32,297,12,12,0,13,1
10/24/2011 15:33,297,12,13,0,13,1
10/24/2011 15:34,297,12,15,0,13,1
10/24/2011 15:35,297,12,15,0,13,1
10/24/2011 15:36,297,11,15,0,13,1
10/24/2011 15:37,297,12,15,0,13,1
10/24/2011 15:38,297,12,15,0,13,1
10/24/2011 15:39,297,12,15,0,13,1
10/24/2011 15:40,297,12,16,0,13,1
10/24/2011 15:41,297,12,16,0,13,1
10/24/2011 15:42,297,12,16,0,13,1
10/24/2011 15:43,297,12,15,0,13,1
10/24/2011 15:44,297,12,15,0,13,1
10/24/2011 15:45,297,13,15,0,13,1
10/24/2011 15:46,297,13,15,0,13,1
10/24/2011 15:47,297,13,15,0,13,1
10/24/2011 15:48,297,14,15,0,13,1
10/24/2011 15:49,297,13,16,0,13,1
10/24/2011 15:50,297,13,16,0,13,1
10/24/2011 15:51,297,14,16,0,13,1
10/24/2011 15:52,297,14,16,0,13,1
10/24/2011 15:53,297,14,16,0,13,1
10/24/2011 15:54,297,14,16,0,13,1
10/24/2011 15:55,297,15,17,-1,13,1
10/24/2011 15:56,297,15,18,-1,13,1
10/24/2011 15:57,297,16,17,-1,13,1
10/24/2011 15:58,297,15,18,-1,13,1
10/24/2011 15:59,297,16,18,-1,13,1
10/24/2011 16:00,297,17,18,-1,13,1
10/24/2011 16:01,297,17,17,-1,13,1
10/24/2011 16:02,297,17,17,-1,13,1
10/24/2011 16:03,297,17,17,-1,13,1
10/24/2011 16:04,297,17,17,-1,13,1
10/24/2011 16:05,297,17,17,-1,13,1
10/24/2011 16:06,297,17,18,-1,13,1
10/24/2011 16:07,297,18,18,-1,13,1
10/24/2011 16:08,297,18,18,-1,14,1
10/24/2011 16:09,297,18,18,-1,13,1
10/24/2011 16:10,297,18,17,-1,13,1
10/24/2011 16:11,297,18,18,-1,14,1
10/24/2011 16:12,297,18,18,-1,14,1
10/24/2011 16:13,297,18,18,-1,14,1
10/24/2011 16:14,297,18,18,-1,14,1
10/24/2011 16:15,297,18,18,-1,14,1
10/24/2011 16:16,297,18,18,-1,14,1
10/24/2011 16:17,297,18,18,-1,14,1
10/24/2011 16:18,297,19,18,-1,14,1
10/24/2011 16:19,297,19,18,-1,14,1
10/24/2011 16:20,297,19,18,-1,14,1
10/24/2011 16:21,297,19,18,-1,14,1
10/24/2011 16:22,297,19,19,-1,14,1
10/24/2011 16:23,297,19,19,-1,14,1
10/24/2011 16:24,297,20,18,-1,14,1
10/24/2011 16:25,297,19,19,-1,14,1
10/24/2011 16:26,297,19,19,-1,14,1
10/24/2011 16:27,297,20,19,-1,14,1
10/24/2011 16:28,297,19,19,-1,14,1
10/24/2011 16:29,297,20,20,-1,14,1
10/24/2011 16:30,297,20,20,-1,14,1
10/24/2011 16:31,297,20,20,-1,14,1
10/24/2011 16:32,297,21,20,-1,14,1
10/24/2011 16:33,297,21,20,-1,14,1
10/24/2011 16:34,297,21,20,-1,14,1
10/24/2011 16:35,297,20,20,-1,14,1
10/24/2011 16:36,297,21,20,-1,14,1
10/24/2011 16:37,297,21,21,-1,15,1
10/24/2011 16:38,297,21,20,-1,15,1
10/24/2011 16:39,297,21,20,-1,15,1
10/24/2011 16:40,297,20,20,-1,15,1
10/24/2011 16:41,297,21,20,-1,15,1
10/24/2011 16:42,297,21,20,-1,15,1
10/24/2011 16:43,297,20,18,-1,15,1
10/24/2011 16:44,297,21,19,0,15,1
10/24/2011 16:45,297,21,21,0,15,1
10/24/2011 16:46,297,20,20,0,15,1
10/24/2011 16:47,297,21,20,0,15,1
10/24/2011 16:48,297,20,20,0,15,1
10/24/2011 16:49,297,20,22,0,15,1
10/24/2011 16:50,297,20,22,0,15,1
10/24/2011 16:51,297,20,21,0,15,1
10/24/2011 16:52,297,20,22,0,15,1
10/24/2011 16:53,297,20,22,0,14,1
10/24/2011 16:54,297,20,22,0,14,1
10/24/2011 16:55,297,20,22,0,14,1
10/24/2011 16:56,297,20,22,0,14,1
10/24/2011 16:57,297,21,22,0,14,1
10/24/2011 16:58,297,21,22,0,14,1
10/24/2011 16:59,297,21,24,-1,14,1
10/24/2011 17:00,297,21,24,0,14,1
10/24/2011 17:01,297,21,23,0,14,1
10/24/2011 17:02,297,21,23,0,14,1
10/24/2011 17:03,297,21,24,-1,15,1
10/24/2011 17:04,297,21,24,-1,14,1
10/24/2011 17:05,297,21,24,-1,14,1
10/24/2011 17:06,297,21,23,-1,15,1
10/24/2011 17:07,297,21,22,-1,15,1
10/24/2011 17:08,297,21,23,-1,16,1
10/24/2011 17:09,297,21,23,-1,16,1
10/24/2011 17:10,297,21,23,-1,16,1
10/24/2011 17:11,297,21,24,-1,16,1
10/24/2011 17:12,297,21,25,-1,16,1
10/24/2011 17:13,297,21,26,-1,15,1
10/24/2011 17:14,297,21,24,-1,15,1
10/24/2011 17:15,297,21,25,-1,16,1
10/24/2011 17:16,297,21,26,-1,16,1
10/24/2011 17:17,297,20,26,-1,16,1
10/24/2011 17:18,297,20,26,-1,16,1
10/24/2011 17:19,297,20,25,-1,16,1
10/24/2011 17:20,297,21,26,-2,16,1
10/24/2011 17:21,297,21,26,-2,16,1
10/24/2011 17:22,297,21,26,-2,17,1
10/24/2011 17:23,297,21,26,-2,16,1
10/24/2011 17:24,297,21,26,-2,16,1
10/24/2011 17:25,297,20,26,-2,16,1
10/24/2011 17:26,297,21,26,-2,16,1
10/24/2011 17:27,297,20,27,-2,17,1
10/24/2011 17:28,297,20,27,-2,17,1
10/24/2011 17:29,297,20,27,-1,17,1
10/24/2011 17:30,297,20,27,-2,17,1
10/24/2011 17:31,297,20,27,-2,17,1
10/24/2011 17:32,297,19,27,-2,17,1
10/24/2011 17:33,297,19,28,-2,17,1
10/24/2011 17:34,297,18,26,-2,17,1
10/24/2011 17:35,297,18,27,-2,17,1
10/24/2011 17:36,297,18,27,-2,17,1
10/24/2011 17:37,297,19,28,-2,17,1
10/24/2011 17:38,297,19,29,-2,17,1
10/24/2011 17:39,297,18,29,-2,17,1
10/24/2011 17:40,297,18,28,-2,17,1
10/24/2011 17:41,297,17,28,-2,17,1
10/24/2011 17:42,297,17,28,-2,17,1
10/24/2011 17:43,297,18,28,-2,17,1
10/24/2011 17:44,297,17,28,-2,17,1
10/24/2011 17:45,297,16,28,-2,17,1
10/24/2011 17:46,297,16,28,-2,17,1
10/24/2011 17:47,297,17,28,-2,17,1
10/24/2011 17:48,297,16,29,-2,17,1
10/24/2011 17:49,297,17,29,-2,17,1
10/24/2011 17:50,297,16,28,-2,17,1
10/24/2011 17:51,297,16,27,-2,17,1
10/24/2011 17:52,297,17,28,-2,17,1
10/24/2011 17:53,297,16,28,-2,17,1
10/24/2011 17:54,297,16,27,-2,17,1
10/24/2011 17:55,297,15,27,-2,17,1
10/24/2011 17:56,297,15,26,-2,17,1
10/24/2011 17:57,297,16,27,-2,17,1
10/24/2011 17:58,297,15,27,-2,17,1
10/24/2011 17:59,297,15,27,-2,17,1
10/24/2011 18:00,297,15,26,-2,16,1
10/24/2011 18:01,297,15,26,-2,16,1
10/24/2011 18:02,297,15,26,-2,16,1
10/24/2011 18:03,297,14,27,-2,16,1
10/24/2011 18:04,297,14,25,-2,16,1
10/24/2011 18:05,297,13,25,-2,15,1
10/24/2011 18:06,297,13,27,-2,16,1
10/24/2011 18:07,297,13,24,-2,15,1
10/24/2011 18:08,297,13,24,-2,15,1
10/24/2011 18:09,297,13,25,-2,16,1
10/24/2011 18:10,297,12,24,-2,16,1
10/24/2011 18:11,297,12,24,-2,17,1
10/24/2011 18:12,297,13,24,-2,17,1
10/24/2011 18:13,297,13,24,-2,17,1
10/24/2011 18:14,297,12,25,-2,18,1
10/24/2011 18:15,297,11,25,-2,17,1
10/24/2011 18:16,297,12,24,-2,17,1
10/24/2011 18:17,297,12,25,-2,17,1
10/24/2011 18:18,297,12,24,-2,17,1
10/24/2011 18:19,297,12,25,-2,18,1
10/24/2011 18:20,297,12,25,-2,18,1
10/24/2011 18:21,297,12,25,-1,18,1
10/24/2011 18:22,297,12,24,-1,18,1
10/24/2011 18:23,297,12,24,-2,18,1
10/24/2011 18:24,297,10,24,-2,18,1
10/24/2011 18:25,297,11,23,-1,18,1
10/24/2011 18:26,297,11,22,-1,18,1
10/24/2011 18:27,297,11,23,-1,18,1
10/24/2011 18:28,297,10,22,-1,18,1
10/24/2011 18:29,297,10,23,-1,19,1
10/24/2011 18:30,297,10,23,-1,19,1
10/24/2011 18:31,297,10,23,-1,20,1
10/24/2011 18:32,297,21,31,1,34,1
10/24/2011 18:33,297,17,14,5,49,1
10/24/2011 18:34,297,35,13,2,58,1
10/24/2011 18:35,297,48,15,1,56,1
10/24/2011 18:36,297,39,19,3,57,1
10/24/2011 18:37,297,35,19,4,57,1
10/24/2011 18:38,297,36,19,3,55,1
10/24/2011 18:39,297,35,21,3,53,1
10/24/2011 18:40,297,32,23,4,54,1
10/24/2011 18:41,297,26,24,5,56,1
10/24/2011 18:42,297,28,23,5,57,1
10/24/2011 18:43,297,30,25,4,57,1
10/24/2011 18:44,297,25,27,5,56,1
10/24/2011 18:45,297,18,30,6,57,1
10/24/2011 18:46,297,18,32,6,57,1
10/24/2011 18:47,297,18,37,6,57,1
10/24/2011 18:48,297,19,39,6,55,1
10/24/2011 18:49,297,17,40,6,52,1
10/24/2011 18:50,297,17,38,6,49,1
10/24/2011 18:51,297,15,39,6,50,1
10/24/2011 18:52,297,15,36,6,50,1
10/24/2011 18:53,297,15,34,5,49,1
10/24/2011 18:54,297,15,33,5,46,1
10/24/2011 18:55,297,15,35,5,47,1
10/24/2011 18:56,297,15,35,5,47,1
10/24/2011 18:57,297,13,34,5,45,1
10/24/2011 18:58,297,13,34,5,46,1
10/24/2011 18:59,297,16,34,4,47,1
10/24/2011 19:00,297,15,33,4,47,1
10/24/2011 19:01,297,13,31,4,49,1
10/24/2011 19:02,297,12,29,3,48,1
10/24/2011 19:03,297,12,31,2,47,1
10/24/2011 19:04,297,12,30,1,46,1
10/24/2011 19:05,297,11,32,1,44,1
10/24/2011 19:06,297,10,29,0,42,1
10/24/2011 19:07,297,12,30,-1,42,1
10/24/2011 19:08,297,11,27,-1,41,1
10/24/2011 19:09,297,14,24,-1,41,1
10/24/2011 19:10,297,20,21,-2,40,1
10/24/2011 19:11,297,22,15,-4,38,1
10/24/2011 19:12,297,28,16,-4,38,1
10/24/2011 19:13,297,35,16,-5,36,1
10/24/2011 19:14,297,40,18,-5,33,1
10/24/2011 19:15,297,40,23,-7,29,1
10/24/2011 19:16,297,38,22,-7,29,1
10/24/2011 19:17,297,38,20,-7,29,1
10/24/2011 19:18,297,39,21,-8,28,1
10/24/2011 19:19,297,36,22,-9,27,1
10/24/2011 19:20,297,35,24,-9,24,1
10/24/2011 19:21,297,30,21,-9,24,1
10/24/2011 19:22,297,29,19,-10,24,1
10/24/2011 19:23,297,28,19,-11,22,1
10/24/2011 19:24,297,26,19,-11,22,1
10/24/2011 19:25,297,25,21,-11,23,1
10/24/2011 19:26,297,25,22,-11,23,1
10/24/2011 19:27,297,23,22,-12,22,1
10/24/2011 19:28,297,24,22,-12,21,1
10/24/2011 19:29,297,25,19,-13,20,1
10/24/2011 19:30,297,27,24,-13,21,1
10/24/2011 19:31,297,26,26,-14,21,1
10/24/2011 19:32,297,28,21,-14,18,1
10/24/2011 19:33,297,28,18,-15,15,1
10/24/2011 19:34,297,27,17,-14,17,1
10/24/2011 19:35,297,29,20,-14,19,1
10/24/2011 19:36,297,28,17,-14,15,1
10/24/2011 19:37,297,26,20,-14,12,1
10/24/2011 19:38,297,25,20,-14,13,1
10/24/2011 19:39,297,25,19,-13,13,1
10/24/2011 19:40,297,25,21,-13,11,1
10/24/2011 19:41,297,23,21,-13,10,1
10/24/2011 19:42,297,21,21,-12,11,1
10/24/2011 19:43,297,21,21,-12,12,1
10/24/2011 19:44,297,21,20,-12,12,1
10/24/2011 19:45,297,22,19,-12,12,1
10/24/2011 19:46,297,21,19,-11,11,1
10/24/2011 19:47,297,19,21,-11,11,1
10/24/2011 19:48,297,19,23,-10,11,1
10/24/2011 19:49,297,19,24,-10,11,1
10/24/2011 19:50,297,19,26,-10,11,1
10/24/2011 19:51,297,17,29,-10,12,1
10/24/2011 19:52,297,18,29,-10,12,1
10/24/2011 19:53,297,18,31,-10,13,1
10/24/2011 19:54,297,19,33,-10,15,1
10/24/2011 19:55,297,18,33,-10,14,1
10/24/2011 19:56,297,20,32,-9,14,1
10/24/2011 19:57,297,20,35,-9,15,1
10/24/2011 19:58,297,19,36,-10,16,1
10/24/2011 19:59,297,18,34,-9,17,1
10/24/2011 20:00,297,20,36,-9,17,1
10/24/2011 20:01,297,20,37,-9,18,1
10/24/2011 20:02,297,16,35,-9,19,1
10/24/2011 20:03,297,15,34,-9,19,1
10/24/2011 20:04,297,17,35,-9,19,1
10/24/2011 20:05,297,16,36,-9,19,1
10/24/2011 20:06,297,17,37,-9,19,1
10/24/2011 20:07,297,19,38,-9,19,1
10/24/2011 20:08,297,20,39,-8,19,1
10/24/2011 20:09,297,20,39,-8,18,1
10/24/2011 20:10,297,21,39,-8,19,1
10/24/2011 20:11,297,22,39,-8,19,1
10/24/2011 20:12,297,25,38,-8,19,1
10/24/2011 20:13,297,26,38,-8,19,1
10/24/2011 20:14,297,27,39,-7,18,1
10/24/2011 20:15,297,28,39,-7,18,1
10/24/2011 20:16,297,27,40,-6,18,1
10/24/2011 20:17,297,28,40,-7,17,1
10/24/2011 20:18,297,30,41,-6,18,1
10/24/2011 20:19,297,29,42,-7,20,1
10/24/2011 20:20,297,28,41,-7,19,1
10/24/2011 20:21,297,28,40,-6,20,1
10/24/2011 20:22,297,29,40,-6,20,1
10/24/2011 20:23,297,28,39,-6,21,1
10/24/2011 20:24,297,27,39,-6,20,1
10/24/2011 20:25,297,27,38,-5,20,1
10/24/2011 20:26,297,27,38,-6,20,1
10/24/2011 20:27,297,26,38,-5,20,1
10/24/2011 20:28,297,25,38,-5,19,1
10/24/2011 20:29,297,26,38,-5,19,1
10/24/2011 20:30,297,26,38,-5,19,1
10/24/2011 20:31,297,26,37,-5,18,1
10/24/2011 20:32,297,27,37,-4,18,1
10/24/2011 20:33,297,24,37,-4,20,1
10/24/2011 20:34,297,22,36,-4,20,1
10/24/2011 20:35,297,21,35,-4,20,1
10/24/2011 20:36,297,21,34,-4,20,1
10/24/2011 20:37,297,22,33,-4,21,1
10/24/2011 20:38,297,21,33,-4,21,1
10/24/2011 20:39,297,20,33,-4,21,1
10/24/2011 20:40,297,20,33,-4,20,1
10/24/2011 20:41,297,19,32,-4,19,1
10/24/2011 20:42,297,20,32,-4,19,1
10/24/2011 20:43,297,19,32,-4,19,1
10/24/2011 20:44,297,18,32,-4,18,1
10/24/2011 20:45,297,15,30,-4,18,1
10/24/2011 20:46,297,17,31,-4,18,1
10/24/2011 20:47,297,14,31,-4,18,1
10/24/2011 20:48,297,13,31,-4,17,1
10/24/2011 20:49,297,13,31,-4,17,1
10/24/2011 20:50,297,11,31,-4,18,1
10/24/2011 20:51,297,11,30,-4,18,1
10/24/2011 20:52,297,11,29,-4,18,1
10/24/2011 20:53,297,11,28,-4,18,1
10/24/2011 20:54,297,12,29,-4,19,1
10/24/2011 20:55,297,11,29,-4,20,1
10/24/2011 20:56,297,12,28,-5,20,1
10/24/2011 20:57,297,13,29,-5,20,1
10/24/2011 20:58,297,15,29,-5,21,1
10/24/2011 20:59,297,15,30,-5,23,1
10/24/2011 21:00,297,18,33,-5,25,1
10/24/2011 21:01,297,22,34,-4,27,1
10/24/2011 21:02,297,23,31,-4,28,1
10/24/2011 21:03,297,24,34,-5,29,1
10/24/2011 21:04,297,28,32,-5,29,1
10/24/2011 21:05,297,29,39,-4,32,1
10/24/2011 21:06,297,31,34,-4,32,1
10/24/2011 21:07,297,29,33,-3,31,1
10/24/2011 21:08,297,31,33,-3,33,1
10/24/2011 21:09,297,30,30,-3,35,1
10/24/2011 21:10,297,30,33,-2,37,1
10/24/2011 21:11,297,33,39,-2,37,1
10/24/2011 21:12,297,34,31,-2,31,1
10/24/2011 21:13,297,32,24,-2,28,1
10/24/2011 21:14,297,32,21,-1,28,1
10/24/2011 21:15,297,32,24,-1,30,1
10/24/2011 21:16,297,30,27,0,31,1
10/24/2011 21:17,297,23,21,0,27,1
10/24/2011 21:18,297,21,22,1,24,1
10/24/2011 21:19,297,22,27,1,27,1
10/24/2011 21:20,297,18,24,1,25,1
10/24/2011 21:21,297,18,27,1,24,1
10/24/2011 21:22,297,18,29,2,24,1
10/24/2011 21:23,297,15,26,1,21,1
10/24/2011 21:24,297,16,27,1,19,1
10/24/2011 21:25,297,16,27,0,18,1
10/24/2011 21:26,297,16,28,0,20,1
10/24/2011 21:27,297,17,31,0,20,1
10/24/2011 21:28,297,16,28,-1,15,1
10/24/2011 21:29,297,15,29,-2,12,1
10/24/2011 21:30,297,22,34,-1,16,1
10/24/2011 21:31,297,22,36,-1,19,1
10/24/2011 21:32,297,25,36,-1,19,1
10/24/2011 21:33,297,23,39,-1,23,1
10/24/2011 21:34,297,26,42,0,25,1
10/24/2011 21:35,297,25,40,-1,22,1
10/24/2011 21:36,297,25,37,-2,18,1
10/24/2011 21:37,297,25,37,-3,17,1
10/24/2011 21:38,297,24,40,-3,19,1
10/24/2011 21:39,297,24,39,-4,20,1
10/24/2011 21:40,297,25,38,-4,21,1
10/24/2011 21:41,297,24,36,-4,21,1
10/24/2011 21:42,297,26,37,-4,22,1
10/24/2011 21:43,297,25,38,-4,22,1
10/24/2011 21:44,297,23,35,-5,22,1
10/24/2011 21:45,297,23,34,-5,23,1
10/24/2011 21:46,297,22,34,-5,21,1
10/24/2011 21:47,297,23,36,-6,20,1
10/24/2011 21:48,297,24,34,-6,20,1
10/24/2011 21:49,297,25,35,-5,22,1
10/24/2011 21:50,297,26,32,-6,22,1
10/24/2011 21:51,297,26,31,-6,21,1
10/24/2011 21:52,297,28,32,-6,21,1
10/24/2011 21:53,297,28,32,-6,20,1
10/24/2011 21:54,297,26,31,-6,19,1
10/24/2011 21:55,297,28,31,-6,19,1
10/24/2011 21:56,297,28,30,-6,18,1
10/24/2011 21:57,297,27,30,-6,16,1
10/24/2011 21:58,297,26,29,-7,15,1
10/24/2011 21:59,297,28,30,-7,15,1
10/24/2011 22:00,297,31,31,-7,16,1
10/24/2011 22:01,297,32,30,-6,17,1
10/24/2011 22:02,297,35,29,-6,18,1
10/24/2011 22:03,297,38,29,-6,18,1
10/24/2011 22:04,297,42,30,-6,19,1
10/24/2011 22:05,297,44,30,-7,18,1
10/24/2011 22:06,297,45,30,-6,19,1
10/24/2011 22:07,297,44,28,-6,17,1
10/24/2011 22:08,297,46,27,-6,16,1
10/24/2011 22:09,297,48,27,-7,16,1
10/24/2011 22:10,297,47,28,-7,16,1
10/24/2011 22:11,297,45,28,-7,15,1
10/24/2011 22:12,297,47,28,-7,13,1
10/24/2011 22:13,297,46,27,-7,12,1
10/24/2011 22:14,297,44,28,-7,12,1
10/24/2011 22:15,297,47,28,-7,10,1
10/24/2011 22:16,297,45,27,-7,8,1
10/24/2011 22:17,297,44,27,-8,7,1
10/24/2011 22:18,297,42,27,-8,5,1
10/24/2011 22:19,297,40,26,-8,3,1
10/24/2011 22:20,297,41,27,-8,4,1
10/24/2011 22:21,297,44,28,-7,3,1
10/24/2011 22:22,297,47,27,-7,2,1
10/24/2011 22:23,297,46,28,-6,1,1
10/24/2011 22:24,297,46,28,-7,-1,1
10/24/2011 22:25,297,47,27,-7,-3,1
10/24/2011 22:26,297,46,28,-7,-3,1
10/24/2011 22:27,297,50,30,-7,-4,1
10/24/2011 22:28,297,51,30,-7,-5,1
10/24/2011 22:29,297,51,30,-7,-7,1
10/24/2011 22:30,297,53,29,-8,-7,1
10/24/2011 22:31,297,54,30,-7,-8,1
10/24/2011 22:32,297,53,33,-7,-8,1
10/24/2011 22:33,297,56,34,-8,-9,1
10/24/2011 22:34,297,56,33,-8,-11,1
10/24/2011 22:35,297,61,34,-8,-13,1
10/24/2011 22:36,297,62,35,-8,-14,1
10/24/2011 22:37,297,61,30,-8,-16,1
10/24/2011 22:38,297,60,28,-8,-18,1
10/24/2011 22:39,297,60,29,-9,-18,1
10/24/2011 22:40,297,63,33,-8,-20,1
10/24/2011 22:41,297,63,33,-9,-21,1
10/24/2011 22:42,297,64,31,-9,-23,1
10/24/2011 22:43,297,62,30,-10,-23,1
10/24/2011 22:44,297,59,29,-10,-24,1
10/24/2011 22:45,297,60,28,-11,-26,1
10/24/2011 22:46,297,58,28,-11,-26,1
10/24/2011 22:47,297,56,28,-11,-28,1
10/24/2011 22:48,297,59,29,-11,-29,1
10/24/2011 22:49,297,60,30,-12,-29,1
10/24/2011 22:50,297,60,30,-12,-30,1
10/24/2011 22:51,297,60,30,-13,-32,1
10/24/2011 22:52,297,56,29,-14,-33,1
10/24/2011 22:53,297,54,29,-15,-35,1
10/24/2011 22:54,297,55,29,-14,-36,1
10/24/2011 22:55,297,56,29,-15,-37,1
10/24/2011 22:56,297,57,28,-15,-38,1
10/24/2011 22:57,297,58,30,-15,-39,1
10/24/2011 22:58,297,56,28,-15,-41,1
10/24/2011 22:59,297,54,28,-15,-42,1
10/24/2011 23:00,297,57,27,-16,-42,1
10/24/2011 23:01,297,60,26,-16,-44,1
10/24/2011 23:02,297,54,25,-16,-45,1
10/24/2011 23:03,297,55,23,-15,-46,1
10/24/2011 23:04,297,58,24,-15,-48,1
10/24/2011 23:05,297,60,26,-15,-48,1
10/24/2011 23:06,297,59,27,-16,-48,1
10/24/2011 23:07,297,65,30,-16,-47,1
10/24/2011 23:08,297,71,33,-16,-47,1
10/24/2011 23:09,297,70,33,-17,-47,1
10/24/2011 23:10,297,74,34,-18,-48,1
10/24/2011 23:11,297,74,33,-19,-50,1
10/24/2011 23:12,297,77,32,-21,-53,1
10/24/2011 23:13,297,74,30,-23,-56,1
10/24/2011 23:14,297,73,33,-25,-59,1
10/24/2011 23:15,297,72,34,-27,-62,1
10/24/2011 23:16,297,74,36,-28,-66,1
10/24/2011 23:17,297,75,37,-30,-69,1
10/24/2011 23:18,297,77,39,-31,-73,1
10/24/2011 23:19,297,76,42,-31,-74,1
10/24/2011 23:20,297,75,49,-31,-77,1
10/24/2011 23:21,297,73,56,-31,-79,1
10/24/2011 23:22,297,70,61,-31,-81,1
10/24/2011 23:23,297,69,67,-31,-82,1
10/24/2011 23:24,297,69,73,-32,-84,1
10/24/2011 23:25,297,70,79,-32,-87,1
10/24/2011 23:26,297,67,85,-32,-89,1
10/24/2011 23:27,297,67,89,-32,-90,1
10/24/2011 23:28,297,68,93,-31,-92,1
10/24/2011 23:29,297,65,97,-31,-93,1
10/24/2011 23:30,297,58,101,-30,-95,1
10/24/2011 23:31,297,53,106,-29,-96,1
10/24/2011 23:32,297,48,111,-28,-97,1
10/24/2011 23:33,297,39,118,-26,-99,1
10/24/2011 23:34,297,30,122,-24,-99,1
10/24/2011 23:35,297,26,126,-24,-99,1
10/24/2011 23:36,297,24,130,-23,-100,1
10/24/2011 23:37,297,27,133,-21,-100,1
10/24/2011 23:38,297,27,136,-21,-101,1
10/24/2011 23:39,297,29,139,-20,-101,1
10/24/2011 23:40,297,30,139,-19,-101,1
10/24/2011 23:41,297,28,141,-18,-101,1
10/24/2011 23:42,297,25,144,-18,-103,1
10/24/2011 23:43,297,27,146,-18,-105,1
10/24/2011 23:44,297,26,149,-18,-106,1
10/24/2011 23:45,297,25,149,-18,-108,1
10/24/2011 23:46,297,27,148,-19,-109,1
10/24/2011 23:47,297,27,148,-19,-111,1
10/24/2011 23:48,297,29,149,-19,-112,1
10/24/2011 23:49,297,33,149,-19,-112,1
10/24/2011 23:50,297,35,151,-18,-113,1
10/24/2011 23:51,297,36,151,-17,-114,1
10/24/2011 23:52,297,35,151,-16,-114,1
10/24/2011 23:53,297,33,149,-16,-114,1
10/24/2011 23:54,297,30,146,-16,-114,1
10/24/2011 23:55,297,24,143,-16,-113,1
10/24/2011 23:56,297,22,142,-16,-113,1
10/24/2011 23:57,297,18,141,-16,-114,1
10/24/2011 23:58,297,15,140,-16,-113,1
10/24/2011 23:59,297,17,138,-17,-115,1
10/25/2011 0:00,298,47,141,-25,-99,1
10/25/2011 0:01,298,45,142,-25,-99,1
10/25/2011 0:02,298,44,144,-26,-100,1
10/25/2011 0:03,298,44,145,-26,-101,1
10/25/2011 0:04,298,42,144,-26,-103,1
10/25/2011 0:05,298,40,144,-27,-104,1
10/25/2011 0:06,298,41,142,-27,-105,1
10/25/2011 0:07,298,41,142,-26,-105,1
10/25/2011 0:08,298,40,143,-27,-106,1
10/25/2011 0:09,298,40,144,-27,-107,1
10/25/2011 0:10,298,41,144,-27,-107,1
10/25/2011 0:11,298,41,142,-26,-107,1
10/25/2011 0:12,298,40,140,-26,-108,1
10/25/2011 0:13,298,39,138,-26,-108,1
10/25/2011 0:14,298,36,137,-26,-109,1
10/25/2011 0:15,298,32,136,-25,-109,1
10/25/2011 0:16,298,28,136,-24,-108,1
10/25/2011 0:17,298,28,135,-23,-108,1
10/25/2011 0:18,298,27,135,-22,-108,1
10/25/2011 0:19,298,24,134,-21,-109,1
10/25/2011 0:20,298,21,134,-20,-109,1
10/25/2011 0:21,298,16,132,-20,-110,1
10/25/2011 0:22,298,16,130,-19,-110,1
10/25/2011 0:23,298,18,130,-19,-111,1
10/25/2011 0:24,298,20,130,-19,-112,1
10/25/2011 0:25,298,21,129,-18,-113,1
10/25/2011 0:26,298,24,128,-18,-113,1
10/25/2011 0:27,298,28,130,-17,-113,1
10/25/2011 0:28,298,27,131,-17,-115,1
10/25/2011 0:29,298,31,131,-16,-116,1
10/25/2011 0:30,298,34,131,-16,-119,1
10/25/2011 0:31,298,37,131,-17,-119,1
10/25/2011 0:32,298,32,131,-16,-121,1
10/25/2011 0:33,298,35,131,-16,-124,1
10/25/2011 0:34,298,40,131,-17,-126,1
10/25/2011 0:35,298,40,131,-17,-127,1
10/25/2011 0:36,298,41,131,-18,-129,1
10/25/2011 0:37,298,42,130,-19,-130,1
10/25/2011 0:38,298,43,129,-19,-131,1
10/25/2011 0:39,298,43,127,-18,-131,1
10/25/2011 0:40,298,38,122,-18,-129,1
10/25/2011 0:41,298,33,117,-17,-129,1
10/25/2011 0:42,298,30,114,-17,-129,1
10/25/2011 0:43,298,27,113,-16,-130,1
10/25/2011 0:44,298,24,110,-17,-131,1
10/25/2011 0:45,298,26,105,-17,-132,1
10/25/2011 0:46,298,28,101,-17,-133,1
10/25/2011 0:47,298,32,100,-18,-134,1
10/25/2011 0:48,298,33,98,-19,-136,1
10/25/2011 0:49,298,33,97,-19,-138,1
10/25/2011 0:50,298,32,97,-20,-139,1
10/25/2011 0:51,298,32,96,-20,-139,1
10/25/2011 0:52,298,35,94,-21,-140,1
10/25/2011 0:53,298,39,95,-21,-142,1
10/25/2011 0:54,298,42,93,-23,-144,1
10/25/2011 0:55,298,44,91,-23,-144,1
10/25/2011 0:56,298,43,90,-23,-146,1
10/25/2011 0:57,298,44,87,-23,-147,1
10/25/2011 0:58,298,47,87,-23,-149,1
10/25/2011 0:59,298,47,89,-25,-150,1
10/25/2011 1:00,298,47,89,-26,-152,1
10/25/2011 1:01,298,50,90,-26,-153,1
10/25/2011 1:02,298,52,91,-26,-153,1
10/25/2011 1:03,298,55,91,-26,-154,1
10/25/2011 1:04,298,56,90,-27,-154,1
10/25/2011 1:05,298,52,86,-27,-151,1
10/25/2011 1:06,298,49,84,-26,-147,1
10/25/2011 1:07,298,51,84,-25,-146,1
10/25/2011 1:08,298,52,85,-25,-146,1
10/25/2011 1:09,298,54,86,-24,-145,1
10/25/2011 1:10,298,56,87,-25,-146,1
10/25/2011 1:11,298,58,87,-25,-149,1
10/25/2011 1:12,298,60,86,-25,-153,1
10/25/2011 1:13,298,63,88,-25,-156,1
10/25/2011 1:14,298,65,85,-26,-159,1
10/25/2011 1:15,298,60,83,-26,-160,1
10/25/2011 1:16,298,57,82,-26,-160,1
10/25/2011 1:17,298,56,81,-26,-160,1
10/25/2011 1:18,298,54,80,-25,-160,1
10/25/2011 1:19,298,49,79,-24,-160,1
10/25/2011 1:20,298,46,78,-23,-159,1
10/25/2011 1:21,298,42,76,-23,-157,1
10/25/2011 1:22,298,39,78,-22,-153,1
10/25/2011 1:23,298,38,83,-20,-152,1
10/25/2011 1:24,298,35,80,-20,-154,1
10/25/2011 1:25,298,38,80,-20,-156,1
10/25/2011 1:26,298,49,80,-17,-153,1
10/25/2011 1:27,298,60,91,-20,-155,1
10/25/2011 1:28,298,65,94,-21,-153,1
10/25/2011 1:29,298,67,92,-22,-151,1
10/25/2011 1:30,298,67,91,-21,-149,1
10/25/2011 1:31,298,68,88,-20,-149,1
10/25/2011 1:32,298,68,88,-18,-150,1
10/25/2011 1:33,298,65,86,-17,-148,1
10/25/2011 1:34,298,65,84,-16,-147,1
10/25/2011 1:35,298,64,85,-16,-146,1
10/25/2011 1:36,298,62,83,-17,-146,1
10/25/2011 1:37,298,61,82,-16,-147,1
10/25/2011 1:38,298,61,79,-15,-147,1
10/25/2011 1:39,298,60,77,-14,-147,1
10/25/2011 1:40,298,61,76,-13,-147,1
10/25/2011 1:41,298,60,75,-11,-145,1
10/25/2011 1:42,298,57,72,-10,-142,1
10/25/2011 1:43,298,57,70,-9,-141,1
10/25/2011 1:44,298,57,71,-9,-140,1
10/25/2011 1:45,298,55,72,-10,-140,1
10/25/2011 1:46,298,51,68,-10,-139,1
10/25/2011 1:47,298,48,68,-10,-138,1
10/25/2011 1:48,298,45,68,-10,-136,1
10/25/2011 1:49,298,44,68,-10,-136,1
10/25/2011 1:50,298,44,68,-10,-136,1
10/25/2011 1:51,298,40,65,-10,-135,1
10/25/2011 1:52,298,41,63,-10,-136,1
10/25/2011 1:53,298,38,66,-11,-135,1
10/25/2011 1:54,298,34,67,-12,-133,1
10/25/2011 1:55,298,37,67,-12,-131,1
10/25/2011 1:56,298,35,67,-12,-131,1
10/25/2011 1:57,298,37,68,-12,-130,1
10/25/2011 1:58,298,38,69,-13,-130,1
10/25/2011 1:59,298,38,69,-13,-128,1
10/25/2011 2:00,298,41,69,-13,-128,1
10/25/2011 2:01,298,42,68,-13,-128,1
10/25/2011 2:02,298,43,68,-13,-127,1
10/25/2011 2:03,298,45,69,-13,-125,1
10/25/2011 2:04,298,46,71,-13,-121,1
10/25/2011 2:05,298,48,72,-12,-116,1
10/25/2011 2:06,298,52,70,-11,-115,1
10/25/2011 2:07,298,53,68,-11,-114,1
10/25/2011 2:08,298,55,67,-11,-114,1
10/25/2011 2:09,298,56,66,-12,-114,1
10/25/2011 2:10,298,55,66,-13,-114,1
10/25/2011 2:11,298,53,64,-13,-115,1
10/25/2011 2:12,298,51,67,-13,-118,1
10/25/2011 2:13,298,49,72,-14,-120,1
10/25/2011 2:14,298,49,73,-14,-120,1
10/25/2011 2:15,298,49,73,-14,-123,1
10/25/2011 2:16,298,51,78,-15,-124,1
10/25/2011 2:17,298,53,81,-15,-125,1
10/25/2011 2:18,298,56,83,-15,-124,1
10/25/2011 2:19,298,57,86,-14,-120,1
10/25/2011 2:20,298,53,82,-13,-118,1
10/25/2011 2:21,298,49,76,-12,-119,1
10/25/2011 2:22,298,49,80,-12,-119,1
10/25/2011 2:23,298,47,85,-12,-119,1
10/25/2011 2:24,298,45,85,-12,-119,1
10/25/2011 2:25,298,44,84,-12,-119,1
10/25/2011 2:26,298,42,82,-12,-121,1
10/25/2011 2:27,298,41,83,-11,-122,1
10/25/2011 2:28,298,40,87,-11,-122,1
10/25/2011 2:29,298,37,85,-11,-122,1
10/25/2011 2:30,298,36,86,-10,-121,1
10/25/2011 2:31,298,35,86,-10,-122,1
10/25/2011 2:32,298,37,89,-10,-123,1
10/25/2011 2:33,298,37,89,-9,-123,1
10/25/2011 2:34,298,37,88,-9,-123,1
10/25/2011 2:35,298,36,87,-8,-123,1
10/25/2011 2:36,298,35,87,-8,-123,1
10/25/2011 2:37,298,35,88,-7,-123,1
10/25/2011 2:38,298,35,85,-7,-123,1
10/25/2011 2:39,298,35,85,-6,-123,1
10/25/2011 2:40,298,33,83,-6,-123,1
10/25/2011 2:41,298,31,80,-6,-122,1
10/25/2011 2:42,298,31,77,-5,-122,1
10/25/2011 2:43,298,31,75,-5,-122,1
10/25/2011 2:44,298,31,75,-5,-122,1
10/25/2011 2:45,298,28,71,-5,-122,1
10/25/2011 2:46,298,28,72,-5,-121,1
10/25/2011 2:47,298,29,72,-5,-121,1
10/25/2011 2:48,298,30,73,-4,-121,1
10/25/2011 2:49,298,31,74,-4,-121,1
10/25/2011 2:50,298,33,74,-4,-120,1
10/25/2011 2:51,298,32,73,-4,-120,1
10/25/2011 2:52,298,31,71,-4,-120,1
10/25/2011 2:53,298,32,71,-4,-119,1
10/25/2011 2:54,298,31,71,-4,-119,1
10/25/2011 2:55,298,33,71,-5,-119,1
10/25/2011 2:56,298,37,73,-5,-119,1
10/25/2011 2:57,298,38,73,-5,-119,1
10/25/2011 2:58,298,39,73,-6,-119,1
10/25/2011 2:59,298,38,74,-6,-119,1
10/25/2011 3:00,298,37,74,-6,-118,1
10/25/2011 3:01,298,36,75,-5,-118,1
10/25/2011 3:02,298,35,75,-6,-118,1
10/25/2011 3:03,298,35,75,-6,-119,1
10/25/2011 3:04,298,36,74,-5,-118,1
10/25/2011 3:05,298,36,73,-5,-118,1
10/25/2011 3:06,298,36,74,-5,-117,1
10/25/2011 3:07,298,37,75,-5,-117,1
10/25/2011 3:08,298,37,75,-5,-117,1
10/25/2011 3:09,298,38,74,-5,-116,1
10/25/2011 3:10,298,39,75,-4,-116,1
10/25/2011 3:11,298,40,76,-5,-116,1
10/25/2011 3:12,298,40,76,-5,-116,1
10/25/2011 3:13,298,40,77,-5,-116,1
10/25/2011 3:14,298,40,77,-5,-116,1
10/25/2011 3:15,298,38,77,-5,-115,1
10/25/2011 3:16,298,36,77,-5,-115,1
10/25/2011 3:17,298,36,77,-5,-115,1
10/25/2011 3:18,298,35,76,-4,-116,1
10/25/2011 3:19,298,34,78,-4,-116,1
10/25/2011 3:20,298,34,79,-4,-116,1
10/25/2011 3:21,298,33,81,-3,-117,1
10/25/2011 3:22,298,35,81,-3,-117,1
10/25/2011 3:23,298,38,82,-2,-118,1
10/25/2011 3:24,298,40,82,-1,-118,1
10/25/2011 3:25,298,41,82,-1,-118,1
10/25/2011 3:26,298,41,81,-1,-118,1
10/25/2011 3:27,298,42,82,0,-118,1
10/25/2011 3:28,298,42,82,1,-117,1
10/25/2011 3:29,298,42,83,2,-118,1
10/25/2011 3:30,298,43,83,2,-119,1
10/25/2011 3:31,298,46,83,3,-120,1
10/25/2011 3:32,298,47,84,4,-120,1
10/25/2011 3:33,298,47,85,5,-121,1
10/25/2011 3:34,298,49,85,5,-122,1
10/25/2011 3:35,298,52,86,6,-123,1
10/25/2011 3:36,298,52,89,6,-124,1
10/25/2011 3:37,298,58,89,7,-125,1
10/25/2011 3:38,298,65,88,7,-126,1
10/25/2011 3:39,298,68,85,9,-129,1
10/25/2011 3:40,298,73,84,9,-130,1
10/25/2011 3:41,298,77,84,9,-130,1
10/25/2011 3:42,298,78,83,10,-131,1
10/25/2011 3:43,298,77,81,10,-132,1
10/25/2011 3:44,298,78,82,10,-133,1
10/25/2011 3:45,298,81,85,9,-134,1
10/25/2011 3:46,298,84,83,9,-134,1
10/25/2011 3:47,298,84,84,9,-135,1
10/25/2011 3:48,298,81,83,9,-135,1
10/25/2011 3:49,298,79,83,9,-135,1
10/25/2011 3:50,298,78,84,8,-135,1
10/25/2011 3:51,298,77,84,7,-135,1
10/25/2011 3:52,298,76,85,6,-135,1
10/25/2011 3:53,298,75,86,6,-135,1
10/25/2011 3:54,298,74,87,5,-135,1
10/25/2011 3:55,298,74,87,5,-135,1
10/25/2011 3:56,298,75,89,5,-135,1
10/25/2011 3:57,298,74,89,4,-135,1
10/25/2011 3:58,298,73,90,4,-135,1
10/25/2011 3:59,298,71,89,4,-135,1
10/25/2011 4:00,298,67,89,3,-135,1
10/25/2011 4:01,298,66,89,2,-135,1
10/25/2011 4:02,298,64,89,2,-135,1
10/25/2011 4:03,298,63,89,1,-135,1
10/25/2011 4:04,298,63,90,0,-135,1
10/25/2011 4:05,298,61,90,-1,-135,1
10/25/2011 4:06,298,61,90,-1,-135,1
10/25/2011 4:07,298,58,89,-2,-134,1
10/25/2011 4:08,298,54,89,-2,-134,1
10/25/2011 4:09,298,53,89,-3,-134,1
10/25/2011 4:10,298,50,90,-4,-133,1
10/25/2011 4:11,298,48,90,-4,-133,1
10/25/2011 4:12,298,47,89,-5,-133,1
10/25/2011 4:13,298,47,90,-5,-132,1
10/25/2011 4:14,298,45,90,-6,-132,1
10/25/2011 4:15,298,46,90,-5,-132,1
10/25/2011 4:16,298,45,89,-5,-133,1
10/25/2011 4:17,298,44,89,-6,-133,1
10/25/2011 4:18,298,45,89,-6,-133,1
10/25/2011 4:19,298,42,88,-6,-132,1
10/25/2011 4:20,298,41,87,-6,-132,1
10/25/2011 4:21,298,40,87,-6,-132,1
10/25/2011 4:22,298,39,85,-6,-133,1
10/25/2011 4:23,298,39,85,-6,-133,1
10/25/2011 4:24,298,38,84,-6,-133,1
10/25/2011 4:25,298,37,82,-5,-132,1
10/25/2011 4:26,298,34,81,-5,-132,1
10/25/2011 4:27,298,31,79,-5,-132,1
10/25/2011 4:28,298,31,78,-5,-132,1
10/25/2011 4:29,298,30,76,-5,-132,1
10/25/2011 4:30,298,30,74,-5,-131,1
10/25/2011 4:31,298,28,74,-6,-131,1
10/25/2011 4:32,298,27,72,-5,-131,1
10/25/2011 4:33,298,28,71,-5,-131,1
10/25/2011 4:34,298,29,71,-5,-131,1
10/25/2011 4:35,298,30,71,-5,-130,1
10/25/2011 4:36,298,29,71,-6,-130,1
10/25/2011 4:37,298,28,69,-5,-130,1
10/25/2011 4:38,298,28,69,-5,-130,1
10/25/2011 4:39,298,28,69,-5,-130,1
10/25/2011 4:40,298,27,69,-5,-130,1
10/25/2011 4:41,298,27,68,-5,-130,1
10/25/2011 4:42,298,27,70,-6,-130,1
10/25/2011 4:43,298,28,70,-6,-130,1
10/25/2011 4:44,298,29,69,-6,-130,1
10/25/2011 4:45,298,29,68,-6,-131,1
10/25/2011 4:46,298,31,67,-5,-131,1
10/25/2011 4:47,298,31,67,-6,-131,1
10/25/2011 4:48,298,31,67,-6,-130,1
10/25/2011 4:49,298,31,68,-6,-130,1
10/25/2011 4:50,298,32,67,-6,-130,1
10/25/2011 4:51,298,32,68,-6,-130,1
10/25/2011 4:52,298,31,68,-6,-130,1
10/25/2011 4:53,298,31,68,-6,-130,1
10/25/2011 4:54,298,32,67,-6,-130,1
10/25/2011 4:55,298,32,67,-6,-130,1
10/25/2011 4:56,298,33,66,-6,-130,1
10/25/2011 4:57,298,33,66,-6,-130,1
10/25/2011 4:58,298,33,66,-6,-129,1
10/25/2011 4:59,298,33,66,-6,-129,1
10/25/2011 5:00,298,34,65,-5,-129,1
10/25/2011 5:01,298,34,65,-5,-129,1
10/25/2011 5:02,298,35,65,-5,-129,1
10/25/2011 5:03,298,37,65,-5,-128,1
10/25/2011 5:04,298,38,65,-5,-128,1
10/25/2011 5:05,298,39,65,-5,-127,1
10/25/2011 5:06,298,40,65,-4,-127,1
10/25/2011 5:07,298,40,66,-4,-127,1
10/25/2011 5:08,298,40,67,-4,-128,1
10/25/2011 5:09,298,41,68,-4,-128,1
10/25/2011 5:10,298,39,67,-3,-128,1
10/25/2011 5:11,298,38,69,-3,-129,1
10/25/2011 5:12,298,37,68,-3,-129,1
10/25/2011 5:13,298,35,68,-3,-129,1
10/25/2011 5:14,298,34,66,-3,-130,1
10/25/2011 5:15,298,34,65,-3,-129,1
10/25/2011 5:16,298,35,66,-3,-129,1
10/25/2011 5:17,298,35,68,-3,-129,1
10/25/2011 5:18,298,36,69,-3,-129,1
10/25/2011 5:19,298,36,69,-3,-129,1
10/25/2011 5:20,298,36,69,-3,-129,1
10/25/2011 5:21,298,38,67,-4,-129,1
10/25/2011 5:22,298,41,68,-4,-129,1
10/25/2011 5:23,298,43,68,-4,-129,1
10/25/2011 5:24,298,44,69,-5,-129,1
10/25/2011 5:25,298,45,68,-5,-130,1
10/25/2011 5:26,298,45,68,-5,-130,1
10/25/2011 5:27,298,45,67,-5,-131,1
10/25/2011 5:28,298,44,67,-5,-131,1
10/25/2011 5:29,298,42,66,-5,-130,1
10/25/2011 5:30,298,41,66,-4,-130,1
10/25/2011 5:31,298,41,66,-4,-130,1
10/25/2011 5:32,298,42,66,-4,-130,1
10/25/2011 5:33,298,43,66,-4,-130,1
10/25/2011 5:34,298,43,66,-4,-130,1
10/25/2011 5:35,298,42,66,-5,-130,1
10/25/2011 5:36,298,43,67,-4,-130,1
10/25/2011 5:37,298,46,68,-5,-130,1
10/25/2011 5:38,298,47,69,-5,-130,1
10/25/2011 5:39,298,48,70,-5,-129,1
10/25/2011 5:40,298,49,71,-4,-128,1
10/25/2011 5:41,298,49,71,-4,-128,1
10/25/2011 5:42,298,50,71,-4,-128,1
10/25/2011 5:43,298,50,70,-4,-128,1
10/25/2011 5:44,298,52,70,-4,-127,1
10/25/2011 5:45,298,54,70,-4,-126,1
10/25/2011 5:46,298,55,70,-4,-126,1
10/25/2011 5:47,298,57,69,-4,-126,1
10/25/2011 5:48,298,58,70,-5,-126,1
10/25/2011 5:49,298,61,70,-5,-126,1
10/25/2011 5:50,298,62,70,-5,-125,1
10/25/2011 5:51,298,64,72,-5,-125,1
10/25/2011 5:52,298,65,74,-5,-125,1
10/25/2011 5:53,298,65,76,-5,-124,1
10/25/2011 5:54,298,64,81,-4,-124,1
10/25/2011 5:55,298,63,84,-4,-123,1
10/25/2011 5:56,298,60,87,-3,-123,1
10/25/2011 5:57,298,59,91,-2,-123,1
10/25/2011 5:58,298,57,95,-1,-122,1
10/25/2011 5:59,298,55,96,0,-122,1
10/25/2011 6:00,298,51,98,0,-122,1
10/25/2011 6:01,298,49,100,1,-122,1
10/25/2011 6:02,298,45,103,2,-122,1
10/25/2011 6:03,298,40,104,4,-121,1
10/25/2011 6:04,298,37,105,5,-123,1
10/25/2011 6:05,298,38,105,6,-123,1
10/25/2011 6:06,298,41,106,7,-123,1
10/25/2011 6:07,298,42,105,8,-124,1
10/25/2011 6:08,298,45,106,9,-124,1
10/25/2011 6:09,298,46,103,10,-125,1
10/25/2011 6:10,298,48,102,11,-125,1
10/25/2011 6:11,298,48,101,12,-126,1
10/25/2011 6:12,298,48,98,12,-126,1
10/25/2011 6:13,298,48,95,12,-127,1
10/25/2011 6:14,298,46,94,12,-127,1
10/25/2011 6:15,298,46,92,12,-127,1
10/25/2011 6:16,298,45,90,12,-127,1
10/25/2011 6:17,298,42,88,11,-127,1
10/25/2011 6:18,298,40,84,11,-128,1
10/25/2011 6:19,298,37,82,10,-128,1
10/25/2011 6:20,298,36,80,10,-128,1
10/25/2011 6:21,298,35,80,9,-128,1
10/25/2011 6:22,298,34,79,9,-128,1
10/25/2011 6:23,298,32,76,9,-128,1
10/25/2011 6:24,298,32,75,9,-128,1
10/25/2011 6:25,298,29,75,8,-128,1
10/25/2011 6:26,298,28,75,8,-128,1
10/25/2011 6:27,298,27,76,8,-127,1
10/25/2011 6:28,298,25,76,7,-127,1
10/25/2011 6:29,298,23,74,7,-127,1
10/25/2011 6:30,298,22,73,7,-126,1
10/25/2011 6:31,298,21,74,6,-126,1
10/25/2011 6:32,298,19,74,6,-125,1
10/25/2011 6:33,298,17,74,6,-125,1
10/25/2011 6:34,298,16,75,5,-125,1
10/25/2011 6:35,298,16,75,4,-124,1
10/25/2011 6:36,298,13,76,3,-124,1
10/25/2011 6:37,298,15,77,2,-124,1
10/25/2011 6:38,298,18,77,2,-123,1
10/25/2011 6:39,298,20,76,1,-123,1
10/25/2011 6:40,298,24,76,1,-122,1
10/25/2011 6:41,298,28,76,0,-121,1
10/25/2011 6:42,298,32,77,0,-120,1
10/25/2011 6:43,298,35,75,0,-119,1
10/25/2011 6:44,298,39,74,0,-118,1
10/25/2011 6:45,298,43,74,-1,-117,1
10/25/2011 6:46,298,47,73,-1,-116,1
10/25/2011 6:47,298,49,73,-1,-115,1
10/25/2011 6:48,298,53,73,-2,-113,1
10/25/2011 6:49,298,56,74,-2,-113,1
10/25/2011 6:50,298,59,74,-2,-112,1
10/25/2011 6:51,298,62,75,-3,-111,1
10/25/2011 6:52,298,63,77,-3,-111,1
10/25/2011 6:53,298,64,78,-2,-111,1
10/25/2011 6:54,298,65,79,-2,-110,1
10/25/2011 6:55,298,66,82,-2,-109,1
10/25/2011 6:56,298,66,83,-2,-108,1
10/25/2011 6:57,298,66,85,-1,-108,1
10/25/2011 6:58,298,64,86,-1,-107,1
10/25/2011 6:59,298,62,87,-1,-107,1
10/25/2011 7:00,298,61,86,0,-107,1
10/25/2011 7:01,298,60,86,0,-107,1
10/25/2011 7:02,298,58,85,1,-107,1
10/25/2011 7:03,298,57,84,1,-106,1
10/25/2011 7:04,298,56,83,1,-107,1
10/25/2011 7:05,298,54,82,1,-107,1
10/25/2011 7:06,298,54,82,1,-107,1
10/25/2011 7:07,298,53,80,2,-108,1
10/25/2011 7:08,298,52,80,2,-108,1
10/25/2011 7:09,298,51,78,2,-109,1
10/25/2011 7:10,298,51,76,2,-109,1
10/25/2011 7:11,298,51,75,2,-109,1
10/25/2011 7:12,298,53,74,2,-109,1
10/25/2011 7:13,298,55,74,1,-109,1
10/25/2011 7:14,298,56,72,1,-109,1
10/25/2011 7:15,298,58,71,1,-108,1
10/25/2011 7:16,298,59,71,1,-108,1
10/25/2011 7:17,298,59,70,0,-108,1
10/25/2011 7:18,298,60,70,0,-108,1
10/25/2011 7:19,298,61,69,0,-108,1
10/25/2011 7:20,298,62,69,0,-108,1
10/25/2011 7:21,298,64,69,-1,-108,1
10/25/2011 7:22,298,66,69,-1,-107,1
10/25/2011 7:23,298,67,70,-1,-108,1
10/25/2011 7:24,298,70,70,-1,-107,1
10/25/2011 7:25,298,72,71,-1,-107,1
10/25/2011 7:26,298,72,70,-1,-107,1
10/25/2011 7:27,298,73,71,-1,-107,1
10/25/2011 7:28,298,74,72,-1,-107,1
10/25/2011 7:29,298,76,71,-2,-107,1
10/25/2011 7:30,298,78,71,-2,-106,1
10/25/2011 7:31,298,78,70,-2,-106,1
10/25/2011 7:32,298,78,69,-2,-106,1
10/25/2011 7:33,298,79,70,-2,-106,1
10/25/2011 7:34,298,79,70,-2,-105,1
10/25/2011 7:35,298,79,70,-3,-104,1
10/25/2011 7:36,298,80,70,-3,-104,1
10/25/2011 7:37,298,81,70,-3,-103,1
10/25/2011 7:38,298,82,69,-3,-103,1
10/25/2011 7:39,298,83,69,-2,-103,1
10/25/2011 7:40,298,82,70,-2,-103,1
10/25/2011 7:41,298,84,70,-2,-102,1
10/25/2011 7:42,298,85,69,-2,-102,1
10/25/2011 7:43,298,85,70,-2,-101,1
10/25/2011 7:44,298,85,70,-2,-100,1
10/25/2011 7:45,298,85,72,-2,-99,1
10/25/2011 7:46,298,87,73,-1,-98,1
10/25/2011 7:47,298,88,74,-1,-98,1
10/25/2011 7:48,298,89,75,-1,-97,1
10/25/2011 7:49,298,91,76,-1,-96,1
10/25/2011 7:50,298,94,76,-1,-96,1
10/25/2011 7:51,298,95,78,-2,-96,1
10/25/2011 7:52,298,98,79,-2,-95,1
10/25/2011 7:53,298,100,79,-2,-94,1
10/25/2011 7:54,298,99,80,-2,-93,1
10/25/2011 7:55,298,99,81,-2,-92,1
10/25/2011 7:56,298,99,83,-1,-92,1
10/25/2011 7:57,298,99,85,-1,-91,1
10/25/2011 7:58,298,99,88,-1,-89,1
10/25/2011 7:59,298,101,91,-1,-88,1
10/25/2011 8:00,298,103,92,-1,-88,1
10/25/2011 8:01,298,105,95,0,-87,1
10/25/2011 8:02,298,107,96,0,-86,1
10/25/2011 8:03,298,106,97,0,-86,1
10/25/2011 8:04,298,106,97,0,-85,1
10/25/2011 8:05,298,105,98,0,-85,1
10/25/2011 8:06,298,105,97,0,-85,1
10/25/2011 8:07,298,104,96,0,-85,1
10/25/2011 8:08,298,102,96,0,-86,1
10/25/2011 8:09,298,100,94,0,-86,1
10/25/2011 8:10,298,99,92,0,-87,1
10/25/2011 8:11,298,97,88,0,-87,1
10/25/2011 8:12,298,95,88,0,-88,1
10/25/2011 8:13,298,94,87,0,-89,1
10/25/2011 8:14,298,91,86,0,-90,1
10/25/2011 8:15,298,89,85,0,-90,1
10/25/2011 8:16,298,88,84,1,-90,1
10/25/2011 8:17,298,87,82,0,-90,1
10/25/2011 8:18,298,86,81,0,-90,1
10/25/2011 8:19,298,85,79,0,-90,1
10/25/2011 8:20,298,84,79,0,-90,1
10/25/2011 8:21,298,85,77,0,-90,1
10/25/2011 8:22,298,84,77,0,-90,1
10/25/2011 8:23,298,86,77,0,-90,1
10/25/2011 8:24,298,88,77,-1,-89,1
10/25/2011 8:25,298,90,77,-1,-89,1
10/25/2011 8:26,298,92,77,-1,-89,1
10/25/2011 8:27,298,96,77,-1,-89,1
10/25/2011 8:28,298,98,79,-1,-89,1
10/25/2011 8:29,298,99,81,-1,-88,1
10/25/2011 8:30,298,99,82,0,-88,1
10/25/2011 8:31,298,97,83,0,-88,1
10/25/2011 8:32,298,95,85,1,-86,1
10/25/2011 8:33,298,93,87,1,-86,1
10/25/2011 8:34,298,92,90,2,-84,1
10/25/2011 8:35,298,92,93,2,-84,1
10/25/2011 8:36,298,89,95,2,-84,1
10/25/2011 8:37,298,86,97,3,-84,1
10/25/2011 8:38,298,81,99,4,-82,1
10/25/2011 8:39,298,78,96,4,-80,1
10/25/2011 8:40,298,76,94,5,-80,1
10/25/2011 8:41,298,72,95,5,-80,1
10/25/2011 8:42,298,70,94,6,-80,1
10/25/2011 8:43,298,67,92,6,-79,1
10/25/2011 8:44,298,64,91,6,-79,1
10/25/2011 8:45,298,61,92,7,-79,1
10/25/2011 8:46,298,58,91,7,-78,1
10/25/2011 8:47,298,58,88,8,-78,1
10/25/2011 8:48,298,59,87,8,-80,1
10/25/2011 8:49,298,61,88,9,-82,1
10/25/2011 8:50,298,59,88,8,-83,1
10/25/2011 8:51,298,56,86,9,-84,1
10/25/2011 8:52,298,57,88,8,-83,1
10/25/2011 8:53,298,60,83,8,-85,1
10/25/2011 8:54,298,60,80,7,-86,1
10/25/2011 8:55,298,61,80,7,-85,1
10/25/2011 8:56,298,61,79,6,-84,1
10/25/2011 8:57,298,61,78,6,-84,1
10/25/2011 8:58,298,63,75,6,-84,1
10/25/2011 8:59,298,62,74,5,-83,1
10/25/2011 9:00,298,62,71,5,-83,1
10/25/2011 9:01,298,63,69,5,-83,1
10/25/2011 9:02,298,63,70,5,-82,1
10/25/2011 9:03,298,63,66,4,-82,1
10/25/2011 9:04,298,64,63,4,-81,1
10/25/2011 9:05,298,63,61,4,-81,1
10/25/2011 9:06,298,63,61,4,-81,1
10/25/2011 9:07,298,62,57,4,-81,1
10/25/2011 9:08,298,60,58,4,-80,1
10/25/2011 9:09,298,59,57,4,-79,1
10/25/2011 9:10,298,58,56,4,-79,1
10/25/2011 9:11,298,56,55,4,-78,1
10/25/2011 9:12,298,56,56,4,-78,1
10/25/2011 9:13,298,55,55,4,-77,1
10/25/2011 9:14,298,54,54,4,-78,1
10/25/2011 9:15,298,54,54,4,-78,1
10/25/2011 9:16,298,53,54,4,-78,1
10/25/2011 9:17,298,51,54,4,-79,1
10/25/2011 9:18,298,49,54,5,-79,1
10/25/2011 9:19,298,49,55,5,-78,1
10/25/2011 9:20,298,49,55,4,-77,1
10/25/2011 9:21,298,49,56,4,-77,1
10/25/2011 9:22,298,50,55,4,-76,1
10/25/2011 9:23,298,50,55,4,-75,1
10/25/2011 9:24,298,50,53,4,-77,1
10/25/2011 9:25,298,48,52,4,-78,1
10/25/2011 9:26,298,46,53,5,-78,1
10/25/2011 9:27,298,45,54,5,-77,1
10/25/2011 9:28,298,44,54,4,-76,1
10/25/2011 9:29,298,45,55,4,-76,1
10/25/2011 9:30,298,47,54,4,-75,1
10/25/2011 9:31,298,47,53,4,-75,1
10/25/2011 9:32,298,45,52,4,-75,1
10/25/2011 9:33,298,43,54,4,-75,1
10/25/2011 9:34,298,41,55,5,-75,1
10/25/2011 9:35,298,41,55,5,-75,1
10/25/2011 9:36,298,38,55,5,-74,1
10/25/2011 9:37,298,38,55,5,-73,1
10/25/2011 9:38,298,38,55,5,-73,1
10/25/2011 9:39,298,39,55,5,-72,1
10/25/2011 9:40,298,39,56,5,-71,1
10/25/2011 9:41,298,39,54,4,-69,1
10/25/2011 9:42,298,40,52,4,-68,1
10/25/2011 9:43,298,39,52,4,-68,1
10/25/2011 9:44,298,39,52,4,-68,1
10/25/2011 9:45,298,38,51,4,-68,1
10/25/2011 9:46,298,36,50,4,-68,1
10/25/2011 9:47,298,33,49,4,-68,1
10/25/2011 9:48,298,30,46,5,-70,1
10/25/2011 9:49,298,27,47,5,-71,1
10/25/2011 9:50,298,25,49,6,-73,1
10/25/2011 9:51,298,25,52,7,-72,1
10/25/2011 9:52,298,22,52,6,-69,1
10/25/2011 9:53,298,22,48,6,-69,1
10/25/2011 9:54,298,21,51,7,-73,1
10/25/2011 9:55,298,21,53,7,-74,1
10/25/2011 9:56,298,22,54,7,-75,1
10/25/2011 9:57,298,21,54,6,-76,1
10/25/2011 9:58,298,23,55,6,-76,1
10/25/2011 9:59,298,25,53,5,-75,1
10/25/2011 10:00,298,25,51,5,-74,1
10/25/2011 10:01,298,27,50,4,-74,1
10/25/2011 10:02,298,27,50,4,-74,1
10/25/2011 10:03,298,27,51,4,-74,1
10/25/2011 10:04,298,28,51,4,-75,1
10/25/2011 10:05,298,29,51,4,-74,1
10/25/2011 10:06,298,30,50,4,-75,1
10/25/2011 10:07,298,29,48,3,-74,1
10/25/2011 10:08,298,29,48,3,-74,1
10/25/2011 10:09,298,30,47,3,-74,1
10/25/2011 10:10,298,29,47,4,-75,1
10/25/2011 10:11,298,29,47,4,-76,1
10/25/2011 10:12,298,29,47,4,-76,1
10/25/2011 10:13,298,28,47,4,-76,1
10/25/2011 10:14,298,28,46,4,-77,1
10/25/2011 10:15,298,28,47,4,-77,1
10/25/2011 10:16,298,28,49,4,-77,1
10/25/2011 10:17,298,28,50,4,-76,1
10/25/2011 10:18,298,29,51,4,-76,1
10/25/2011 10:19,298,28,51,4,-76,1
10/25/2011 10:20,298,28,50,3,-76,1
10/25/2011 10:21,298,28,49,3,-76,1
10/25/2011 10:22,298,27,49,3,-76,1
10/25/2011 10:23,298,27,50,4,-76,1
10/25/2011 10:24,298,27,50,4,-76,1
10/25/2011 10:25,298,27,52,4,-76,1
10/25/2011 10:26,298,27,52,3,-76,1
10/25/2011 10:27,298,27,54,3,-76,1
10/25/2011 10:28,298,27,54,3,-75,1
10/25/2011 10:29,298,28,54,2,-74,1
10/25/2011 10:30,298,29,53,2,-74,1
10/25/2011 10:31,298,28,53,2,-74,1
10/25/2011 10:32,298,28,52,2,-74,1
10/25/2011 10:33,298,28,52,2,-74,1
10/25/2011 10:34,298,28,52,2,-74,1
10/25/2011 10:35,298,28,52,2,-74,1
10/25/2011 10:36,298,27,51,2,-74,1
10/25/2011 10:37,298,27,52,2,-74,1
10/25/2011 10:38,298,27,52,2,-74,1
10/25/2011 10:39,298,27,53,2,-73,1
10/25/2011 10:40,298,26,53,2,-72,1
10/25/2011 10:41,298,26,54,2,-72,1
10/25/2011 10:42,298,26,53,2,-71,1
10/25/2011 10:43,298,26,53,2,-70,1
10/25/2011 10:44,298,27,52,2,-69,1
10/25/2011 10:45,298,27,53,2,-68,1
10/25/2011 10:46,298,28,52,1,-68,1
10/25/2011 10:47,298,28,51,1,-67,1
10/25/2011 10:48,298,29,51,1,-66,1
10/25/2011 10:49,298,29,51,1,-65,1
10/25/2011 10:50,298,29,50,1,-64,1
10/25/2011 10:51,298,29,50,1,-64,1
10/25/2011 10:52,298,29,49,2,-64,1
10/25/2011 10:53,298,28,50,2,-63,1
10/25/2011 10:54,298,29,51,2,-63,1
10/25/2011 10:55,298,29,51,2,-63,1
10/25/2011 10:56,298,29,51,2,-64,1
10/25/2011 10:57,298,29,50,2,-64,1
10/25/2011 10:58,298,29,50,2,-65,1
10/25/2011 10:59,298,29,49,2,-66,1
10/25/2011 11:00,298,28,49,2,-67,1
10/25/2011 11:01,298,28,52,2,-67,1
10/25/2011 11:02,298,28,53,3,-68,1
10/25/2011 11:03,298,28,54,2,-68,1
10/25/2011 11:04,298,29,53,2,-68,1
10/25/2011 11:05,298,31,54,2,-68,1
10/25/2011 11:06,298,33,53,1,-68,1
10/25/2011 11:07,298,34,53,1,-68,1
10/25/2011 11:08,298,35,52,1,-67,1
10/25/2011 11:09,298,36,53,1,-67,1
10/25/2011 11:10,298,37,51,0,-66,1
10/25/2011 11:11,298,39,51,0,-66,1
10/25/2011 11:12,298,38,50,0,-65,1
10/25/2011 11:13,298,36,47,0,-64,1
10/25/2011 11:14,298,36,44,0,-63,1
10/25/2011 11:15,298,35,43,1,-64,1
10/25/2011 11:16,298,35,43,0,-64,1
10/25/2011 11:17,298,35,45,1,-64,1
10/25/2011 11:18,298,34,45,1,-63,1
10/25/2011 11:19,298,34,40,0,-62,1
10/25/2011 11:20,298,33,39,0,-63,1
10/25/2011 11:21,298,32,38,1,-63,1
10/25/2011 11:22,298,33,39,1,-63,1
10/25/2011 11:23,298,34,40,0,-64,1
10/25/2011 11:24,298,33,42,1,-64,1
10/25/2011 11:25,298,32,41,1,-64,1
10/25/2011 11:26,298,33,38,0,-63,1
10/25/2011 11:27,298,32,38,1,-63,1
10/25/2011 11:28,298,32,38,1,-63,1
10/25/2011 11:29,298,33,37,1,-64,1
10/25/2011 11:30,298,33,39,1,-63,1
10/25/2011 11:31,298,34,39,0,-62,1
10/25/2011 11:32,298,35,38,0,-62,1
10/25/2011 11:33,298,36,39,0,-62,1
10/25/2011 11:34,298,35,43,0,-61,1
10/25/2011 11:35,298,36,40,0,-60,1
10/25/2011 11:36,298,35,38,0,-58,1
10/25/2011 11:37,298,36,36,-1,-58,1
10/25/2011 11:38,298,37,37,0,-59,1
10/25/2011 11:39,298,36,35,1,-60,1
10/25/2011 11:40,298,35,34,1,-60,1
10/25/2011 11:41,298,30,37,1,-59,1
10/25/2011 11:42,298,31,35,0,-59,1
10/25/2011 11:43,298,30,34,0,-59,1
10/25/2011 11:44,298,29,35,1,-59,1
10/25/2011 11:45,298,27,35,1,-59,1
10/25/2011 11:46,298,27,36,1,-58,1
10/25/2011 11:47,298,26,35,1,-58,1
10/25/2011 11:48,298,25,35,1,-57,1
10/25/2011 11:49,298,26,36,0,-59,1
10/25/2011 11:50,298,28,38,1,-59,1
10/25/2011 11:51,298,29,39,1,-59,1
10/25/2011 11:52,298,29,42,1,-59,1
10/25/2011 11:53,298,27,40,1,-57,1
10/25/2011 11:54,298,27,37,0,-56,1
10/25/2011 11:55,298,27,36,0,-56,1
10/25/2011 11:56,298,28,36,0,-56,1
10/25/2011 11:57,298,27,36,0,-56,1
10/25/2011 11:58,298,25,35,1,-55,1
10/25/2011 11:59,298,25,34,1,-54,1
10/25/2011 12:00,298,24,36,1,-54,1
10/25/2011 12:01,298,24,36,1,-54,1
10/25/2011 12:02,298,22,33,1,-54,1
10/25/2011 12:03,298,19,33,1,-54,1
10/25/2011 12:04,298,20,36,1,-55,1
10/25/2011 12:05,298,22,40,1,-56,1
10/25/2011 12:06,298,21,41,1,-54,1
10/25/2011 12:07,298,16,29,0,-54,1
10/25/2011 12:08,298,19,33,0,-56,1
10/25/2011 12:09,298,18,41,1,-54,1
10/25/2011 12:10,298,22,33,0,-57,1
10/25/2011 12:11,298,26,40,0,-59,1
10/25/2011 12:12,298,25,44,0,-61,1
10/25/2011 12:13,298,26,45,-1,-61,1
10/25/2011 12:14,298,28,48,-1,-61,1
10/25/2011 12:15,298,30,48,-2,-62,1
10/25/2011 12:16,298,32,48,-2,-62,1
10/25/2011 12:17,298,31,46,-2,-62,1
10/25/2011 12:18,298,28,41,-2,-61,1
10/25/2011 12:19,298,27,41,-2,-61,1
10/25/2011 12:20,298,28,39,-2,-61,1
10/25/2011 12:21,298,30,40,-3,-61,1
10/25/2011 12:22,298,29,40,-3,-61,1
10/25/2011 12:23,298,28,40,-2,-61,1
10/25/2011 12:24,298,25,45,-2,-59,1
10/25/2011 12:25,298,22,41,-2,-57,1
10/25/2011 12:26,298,25,36,-3,-55,1
10/25/2011 12:27,298,27,32,-3,-54,1
10/25/2011 12:28,298,23,29,-2,-53,1
10/25/2011 12:29,298,20,28,-1,-52,1
10/25/2011 12:30,298,17,24,-1,-52,1
10/25/2011 12:31,298,14,25,0,-53,1
10/25/2011 12:32,298,12,25,1,-54,1
10/25/2011 12:33,298,10,28,1,-53,1
10/25/2011 12:34,298,11,32,1,-52,1
10/25/2011 12:35,298,11,35,0,-52,1
10/25/2011 12:36,298,14,36,0,-54,1
10/25/2011 12:37,298,16,39,-1,-54,1
10/25/2011 12:38,298,17,41,-1,-55,1
10/25/2011 12:39,298,17,41,-2,-55,1
10/25/2011 12:40,298,19,42,-2,-55,1
10/25/2011 12:41,298,20,43,-2,-55,1
10/25/2011 12:42,298,26,49,-2,-53,1
10/25/2011 12:43,298,26,42,-3,-52,1
10/25/2011 12:44,298,25,37,-3,-51,1
10/25/2011 12:45,298,26,36,-3,-51,1
10/25/2011 12:46,298,25,36,-3,-52,1
10/25/2011 12:47,298,23,37,-3,-52,1
10/25/2011 12:48,298,22,38,-3,-52,1
10/25/2011 12:49,298,21,37,-2,-52,1
10/25/2011 12:50,298,18,37,-2,-52,1
10/25/2011 12:51,298,18,36,-2,-52,1
10/25/2011 12:52,298,18,39,-2,-52,1
10/25/2011 12:53,298,20,40,-2,-53,1
10/25/2011 12:54,298,20,41,-3,-53,1
10/25/2011 12:55,298,20,40,-3,-53,1
10/25/2011 12:56,298,20,41,-3,-52,1
10/25/2011 12:57,298,20,41,-3,-51,1
10/25/2011 12:58,298,24,40,-4,-51,1
10/25/2011 12:59,298,25,41,-4,-52,1
10/25/2011 13:00,298,24,41,-4,-52,1
10/25/2011 13:01,298,23,41,-4,-51,1
10/25/2011 13:02,298,23,42,-4,-51,1
10/25/2011 13:03,298,25,43,-4,-51,1
10/25/2011 13:04,298,25,42,-4,-51,1
10/25/2011 13:05,298,25,42,-4,-52,1
10/25/2011 13:06,298,23,41,-4,-52,1
10/25/2011 13:07,298,21,40,-3,-52,1
10/25/2011 13:08,298,22,42,-4,-53,1
10/25/2011 13:09,298,23,44,-4,-53,1
10/25/2011 13:10,298,23,44,-4,-53,1
10/25/2011 13:11,298,23,45,-4,-53,1
10/25/2011 13:12,298,24,44,-4,-54,1
10/25/2011 13:13,298,24,44,-5,-53,1
10/25/2011 13:14,298,24,44,-5,-53,1
10/25/2011 13:15,298,22,43,-5,-53,1
10/25/2011 13:16,298,23,44,-5,-53,1
10/25/2011 13:17,298,23,43,-5,-53,1
10/25/2011 13:18,298,25,43,-5,-53,1
10/25/2011 13:19,298,27,46,-5,-53,1
10/25/2011 13:20,298,27,46,-5,-52,1
10/25/2011 13:21,298,24,44,-5,-52,1
10/25/2011 13:22,298,22,41,-5,-51,1
10/25/2011 13:23,298,22,41,-5,-51,1
10/25/2011 13:24,298,22,40,-5,-52,1
10/25/2011 13:25,298,23,41,-5,-52,1
10/25/2011 13:26,298,25,44,-5,-53,1
10/25/2011 13:27,298,26,45,-5,-54,1
10/25/2011 13:28,298,26,47,-5,-53,1
10/25/2011 13:29,298,26,47,-5,-53,1
10/25/2011 13:30,298,27,46,-6,-52,1
10/25/2011 13:31,298,27,43,-6,-52,1
10/25/2011 13:32,298,27,43,-6,-53,1
10/25/2011 13:33,298,26,45,-6,-52,1
10/25/2011 13:34,298,26,46,-6,-52,1
10/25/2011 13:35,298,26,46,-6,-51,1
10/25/2011 13:36,298,25,45,-6,-50,1
10/25/2011 13:37,298,23,43,-6,-50,1
10/25/2011 13:38,298,23,42,-6,-49,1
10/25/2011 13:39,298,23,43,-6,-48,1
10/25/2011 13:40,298,23,42,-5,-48,1
10/25/2011 13:41,298,23,42,-5,-47,1
10/25/2011 13:42,298,22,41,-5,-47,1
10/25/2011 13:43,298,22,42,-5,-47,1
10/25/2011 13:44,298,23,43,-5,-47,1
10/25/2011 13:45,298,23,43,-5,-46,1
10/25/2011 13:46,298,23,42,-5,-46,1
10/25/2011 13:47,298,20,41,-5,-46,1
10/25/2011 13:48,298,19,42,-5,-45,1
10/25/2011 13:49,298,21,43,-5,-45,1
10/25/2011 13:50,298,23,44,-6,-45,1
10/25/2011 13:51,298,23,44,-6,-45,1
10/25/2011 13:52,298,21,42,-5,-44,1
10/25/2011 13:53,298,19,41,-5,-44,1
10/25/2011 13:54,298,21,42,-5,-44,1
10/25/2011 13:55,298,23,46,-6,-45,1
10/25/2011 13:56,298,25,46,-6,-45,1
10/25/2011 13:57,298,25,49,-6,-45,1
10/25/2011 13:58,298,24,50,-6,-45,1
10/25/2011 13:59,298,22,50,-6,-45,1
10/25/2011 14:00,298,23,49,-6,-45,1
10/25/2011 14:01,298,24,50,-6,-45,1
10/25/2011 14:02,298,25,49,-6,-45,1
10/25/2011 14:03,298,26,49,-7,-46,1
10/25/2011 14:04,298,26,49,-7,-46,1
10/25/2011 14:05,298,25,52,-7,-46,1
10/25/2011 14:06,298,26,53,-7,-44,1
10/25/2011 14:07,298,24,48,-7,-43,1
10/25/2011 14:08,298,22,45,-6,-44,1
10/25/2011 14:09,298,23,46,-7,-44,1
10/25/2011 14:10,298,23,51,-6,-45,1
10/25/2011 14:11,298,21,52,-6,-45,1
10/25/2011 14:12,298,20,52,-6,-44,1
10/25/2011 14:13,298,20,52,-6,-44,1
10/25/2011 14:14,298,21,52,-6,-44,1
10/25/2011 14:15,298,21,52,-6,-44,1
10/25/2011 14:16,298,22,54,-6,-44,1
10/25/2011 14:17,298,21,53,-6,-44,1
10/25/2011 14:18,298,21,53,-6,-44,1
10/25/2011 14:19,298,20,52,-6,-44,1
10/25/2011 14:20,298,22,52,-6,-43,1
10/25/2011 14:21,298,21,52,-6,-44,1
10/25/2011 14:22,298,21,53,-6,-44,1
10/25/2011 14:23,298,21,53,-6,-44,1
10/25/2011 14:24,298,22,54,-6,-44,1
10/25/2011 14:25,298,23,54,-7,-44,1
10/25/2011 14:26,298,22,54,-7,-43,1
10/25/2011 14:27,298,21,53,-6,-43,1
10/25/2011 14:28,298,20,53,-6,-42,1
10/25/2011 14:29,298,20,53,-6,-43,1
10/25/2011 14:30,298,20,54,-6,-43,1
10/25/2011 14:31,298,20,54,-6,-42,1
10/25/2011 14:32,298,19,54,-6,-42,1
10/25/2011 14:33,298,19,54,-6,-42,1
10/25/2011 14:34,298,19,54,-6,-42,1
10/25/2011 14:35,298,19,54,-6,-42,1
10/25/2011 14:36,298,19,55,-6,-42,1
10/25/2011 14:37,298,19,55,-6,-42,1
10/25/2011 14:38,298,19,56,-6,-42,1
10/25/2011 14:39,298,19,57,-6,-43,1
10/25/2011 14:40,298,20,58,-6,-43,1
10/25/2011 14:41,298,20,60,-6,-43,1
10/25/2011 14:42,298,20,58,-6,-43,1
10/25/2011 14:43,298,21,58,-7,-43,1
10/25/2011 14:44,298,21,58,-6,-43,1
10/25/2011 14:45,298,21,58,-7,-43,1
10/25/2011 14:46,298,21,57,-7,-43,1
10/25/2011 14:47,298,20,57,-7,-43,1
10/25/2011 14:48,298,21,59,-7,-43,1
10/25/2011 14:49,298,21,59,-6,-43,1
10/25/2011 14:50,298,20,59,-6,-43,1
10/25/2011 14:51,298,20,59,-6,-42,1
10/25/2011 14:52,298,19,59,-6,-43,1
10/25/2011 14:53,298,17,57,-6,-42,1
10/25/2011 14:54,298,17,56,-6,-43,1
10/25/2011 14:55,298,18,56,-6,-43,1
10/25/2011 14:56,298,18,59,-6,-44,1
10/25/2011 14:57,298,21,64,-7,-41,1
10/25/2011 14:58,298,17,59,-6,-40,1
10/25/2011 14:59,298,13,53,-5,-40,1
10/25/2011 15:00,298,12,53,-5,-39,1
10/25/2011 15:01,298,15,54,-5,-41,1
10/25/2011 15:02,298,18,56,-6,-42,1
10/25/2011 15:03,298,18,61,-6,-43,1
10/25/2011 15:04,298,18,62,-6,-42,1
10/25/2011 15:05,298,18,61,-6,-42,1
10/25/2011 15:06,298,15,57,-6,-41,1
10/25/2011 15:07,298,15,56,-6,-41,1
10/25/2011 15:08,298,16,57,-6,-40,1
10/25/2011 15:09,298,17,59,-6,-40,1
10/25/2011 15:10,298,15,57,-6,-40,1
10/25/2011 15:11,298,13,57,-5,-39,1
10/25/2011 15:12,298,12,56,-5,-38,1
10/25/2011 15:13,298,11,55,-5,-39,1
10/25/2011 15:14,298,10,57,-5,-38,1
10/25/2011 15:15,298,10,58,-5,-38,1
10/25/2011 15:16,298,9,59,-5,-38,1
10/25/2011 15:17,298,9,60,-5,-38,1
10/25/2011 15:18,298,10,60,-5,-37,1
10/25/2011 15:19,298,10,58,-5,-37,1
10/25/2011 15:20,298,9,58,-5,-37,1
10/25/2011 15:21,298,10,59,-5,-37,1
10/25/2011 15:22,298,12,59,-5,-38,1
10/25/2011 15:23,298,13,61,-6,-37,1
10/25/2011 15:24,298,12,61,-5,-36,1
10/25/2011 15:25,298,9,61,-5,-35,1
10/25/2011 15:26,298,7,60,-4,-35,1
10/25/2011 15:27,298,7,60,-4,-34,1
10/25/2011 15:28,298,7,59,-5,-35,1
10/25/2011 15:29,298,9,58,-5,-35,1
10/25/2011 15:30,298,10,59,-5,-35,1
10/25/2011 15:31,298,10,60,-5,-36,1
10/25/2011 15:32,298,9,60,-5,-35,1
10/25/2011 15:33,298,8,60,-5,-35,1
10/25/2011 15:34,298,9,59,-5,-34,1
10/25/2011 15:35,298,9,58,-5,-34,1
10/25/2011 15:36,298,9,57,-5,-35,1
10/25/2011 15:37,298,9,58,-5,-35,1
10/25/2011 15:38,298,9,59,-5,-35,1
10/25/2011 15:39,298,9,59,-5,-34,1
10/25/2011 15:40,298,8,59,-5,-34,1
10/25/2011 15:41,298,8,59,-5,-34,1
10/25/2011 15:42,298,7,58,-5,-34,1
10/25/2011 15:43,298,8,57,-5,-34,1
10/25/2011 15:44,298,7,58,-4,-33,1
10/25/2011 15:45,298,8,59,-5,-33,1
10/25/2011 15:46,298,7,57,-4,-32,1
10/25/2011 15:47,298,6,56,-4,-32,1
10/25/2011 15:48,298,6,56,-4,-32,1
10/25/2011 15:49,298,6,56,-4,-33,1
10/25/2011 15:50,298,6,57,-4,-33,1
10/25/2011 15:51,298,6,58,-4,-34,1
10/25/2011 15:52,298,8,59,-4,-35,1
10/25/2011 15:53,298,8,58,-5,-35,1
10/25/2011 15:54,298,9,58,-5,-36,1
10/25/2011 15:55,298,11,59,-5,-36,1
10/25/2011 15:56,298,11,59,-5,-35,1
10/25/2011 15:57,298,10,60,-5,-36,1
10/25/2011 15:58,298,9,60,-5,-36,1
10/25/2011 15:59,298,10,61,-5,-35,1
10/25/2011 16:00,298,10,61,-5,-36,1
10/25/2011 16:01,298,10,61,-5,-36,1
10/25/2011 16:02,298,11,62,-5,-36,1
10/25/2011 16:03,298,10,62,-5,-36,1
10/25/2011 16:04,298,10,62,-5,-36,1
10/25/2011 16:05,298,11,62,-5,-36,1
10/25/2011 16:06,298,11,63,-5,-35,1
10/25/2011 16:07,298,11,63,-5,-35,1
10/25/2011 16:08,298,11,61,-5,-35,1
10/25/2011 16:09,298,11,62,-5,-34,1
10/25/2011 16:10,298,8,62,-4,-33,1
10/25/2011 16:11,298,8,61,-4,-33,1
10/25/2011 16:12,298,7,59,-4,-32,1
10/25/2011 16:13,298,7,58,-5,-33,1
10/25/2011 16:14,298,7,55,-5,-33,1
10/25/2011 16:15,298,8,56,-5,-34,1
10/25/2011 16:16,298,8,55,-5,-35,1
10/25/2011 16:17,298,10,54,-5,-37,1
10/25/2011 16:18,298,10,53,-5,-38,1
10/25/2011 16:19,298,12,54,-6,-39,1
10/25/2011 16:20,298,12,58,-6,-38,1
10/25/2011 16:21,298,12,58,-6,-39,1
10/25/2011 16:22,298,13,58,-6,-39,1
10/25/2011 16:23,298,13,58,-6,-39,1
10/25/2011 16:24,298,13,58,-6,-39,1
10/25/2011 16:25,298,14,60,-6,-39,1
10/25/2011 16:26,298,13,58,-6,-39,1
10/25/2011 16:27,298,13,58,-6,-39,1
10/25/2011 16:28,298,14,58,-6,-39,1
10/25/2011 16:29,298,12,60,-6,-39,1
10/25/2011 16:30,298,12,60,-6,-38,1
10/25/2011 16:31,298,13,59,-5,-39,1
10/25/2011 16:32,298,14,58,-6,-38,1
10/25/2011 16:33,298,14,56,-6,-39,1
10/25/2011 16:34,298,14,56,-6,-39,1
10/25/2011 16:35,298,15,56,-6,-39,1
10/25/2011 16:36,298,16,55,-6,-39,1
10/25/2011 16:37,298,16,55,-6,-38,1
10/25/2011 16:38,298,16,55,-6,-38,1
10/25/2011 16:39,298,16,55,-6,-37,1
10/25/2011 16:40,298,16,55,-5,-37,1
10/25/2011 16:41,298,16,54,-5,-36,1
10/25/2011 16:42,298,17,53,-5,-36,1
10/25/2011 16:43,298,18,53,-5,-37,1
10/25/2011 16:44,298,18,53,-5,-37,1
10/25/2011 16:45,298,18,52,-5,-36,1
10/25/2011 16:46,298,19,53,-5,-36,1
10/25/2011 16:47,298,19,53,-5,-36,1
10/25/2011 16:48,298,19,54,-5,-36,1
10/25/2011 16:49,298,21,53,-5,-37,1
10/25/2011 16:50,298,22,52,-5,-38,1
10/25/2011 16:51,298,24,48,-6,-39,1
10/25/2011 16:52,298,24,49,-6,-40,1
10/25/2011 16:53,298,25,49,-6,-40,1
10/25/2011 16:54,298,26,49,-6,-39,1
10/25/2011 16:55,298,27,49,-5,-38,1
10/25/2011 16:56,298,26,51,-5,-38,1
10/25/2011 16:57,298,27,49,-5,-37,1
10/25/2011 16:58,298,27,49,-5,-37,1
10/25/2011 16:59,298,27,50,-5,-36,1
10/25/2011 17:00,298,27,50,-5,-36,1
10/25/2011 17:01,298,27,50,-5,-36,1
10/25/2011 17:02,298,27,50,-5,-37,1
10/25/2011 17:03,298,29,50,-5,-37,1
10/25/2011 17:04,298,29,50,-5,-37,1
10/25/2011 17:05,298,29,50,-5,-37,1
10/25/2011 17:06,298,29,52,-5,-37,1
10/25/2011 17:07,298,30,51,-5,-37,1
10/25/2011 17:08,298,30,52,-5,-37,1
10/25/2011 17:09,298,30,53,-5,-37,1
10/25/2011 17:10,298,30,53,-5,-38,1
10/25/2011 17:11,298,30,54,-5,-38,1
10/25/2011 17:12,298,30,53,-5,-39,1
10/25/2011 17:13,298,30,54,-5,-39,1
10/25/2011 17:14,298,31,54,-5,-39,1
10/25/2011 17:15,298,31,52,-5,-39,1
10/25/2011 17:16,298,30,52,-5,-40,1
10/25/2011 17:17,298,30,51,-5,-39,1
10/25/2011 17:18,298,31,52,-5,-39,1
10/25/2011 17:19,298,30,51,-5,-39,1
10/25/2011 17:20,298,30,50,-5,-39,1
10/25/2011 17:21,298,30,50,-5,-39,1
10/25/2011 17:22,298,30,50,-5,-39,1
10/25/2011 17:23,298,30,50,-5,-39,1
10/25/2011 17:24,298,30,51,-5,-39,1
10/25/2011 17:25,298,32,50,-5,-40,1
10/25/2011 17:26,298,32,51,-5,-40,1
10/25/2011 17:27,298,31,51,-5,-40,1
10/25/2011 17:28,298,31,51,-5,-40,1
10/25/2011 17:29,298,31,49,-5,-40,1
10/25/2011 17:30,298,32,48,-5,-39,1
10/25/2011 17:31,298,30,48,-5,-39,1
10/25/2011 17:32,298,31,48,-5,-39,1
10/25/2011 17:33,298,31,48,-5,-39,1
10/25/2011 17:34,298,31,47,-5,-39,1
10/25/2011 17:35,298,31,45,-5,-39,1
10/25/2011 17:36,298,31,46,-5,-40,1
10/25/2011 17:37,298,31,45,-5,-40,1
10/25/2011 17:38,298,32,45,-5,-40,1
10/25/2011 17:39,298,32,45,-5,-41,1
10/25/2011 17:40,298,33,46,-5,-41,1
10/25/2011 17:41,298,33,47,-5,-41,1
10/25/2011 17:42,298,33,45,-5,-41,1
10/25/2011 17:43,298,34,43,-5,-42,1
10/25/2011 17:44,298,32,43,-5,-42,1
10/25/2011 17:45,298,33,41,-5,-41,1
10/25/2011 17:46,298,32,41,-5,-40,1
10/25/2011 17:47,298,33,42,-4,-39,1
10/25/2011 17:48,298,32,41,-4,-38,1
10/25/2011 17:49,298,31,43,-4,-36,1
10/25/2011 17:50,298,31,45,-3,-35,1
10/25/2011 17:51,298,29,46,-3,-34,1
10/25/2011 17:52,298,28,45,-3,-34,1
10/25/2011 17:53,298,27,41,-3,-34,1
10/25/2011 17:54,298,27,38,-3,-35,1
10/25/2011 17:55,298,28,34,-3,-37,1
10/25/2011 17:56,298,30,33,-4,-37,1
10/25/2011 17:57,298,31,32,-4,-39,1
10/25/2011 17:58,298,34,30,-4,-41,1
10/25/2011 17:59,298,35,31,-4,-42,1
10/25/2011 18:00,298,35,33,-4,-42,1
10/25/2011 18:01,298,36,36,-4,-42,1
10/25/2011 18:02,298,35,37,-4,-42,1
10/25/2011 18:03,298,33,39,-4,-42,1
10/25/2011 18:04,298,35,37,-3,-45,1
10/25/2011 18:05,298,37,37,-4,-46,1
10/25/2011 18:06,298,37,35,-4,-47,1
10/25/2011 18:07,298,38,35,-4,-48,1
10/25/2011 18:08,298,37,38,-4,-48,1
10/25/2011 18:09,298,38,39,-4,-48,1
10/25/2011 18:10,298,37,41,-4,-48,1
10/25/2011 18:11,298,37,41,-3,-47,1
10/25/2011 18:12,298,36,42,-3,-47,1
10/25/2011 18:13,298,35,40,-4,-46,1
10/25/2011 18:14,298,34,39,-4,-45,1
10/25/2011 18:15,298,34,39,-4,-46,1
10/25/2011 18:16,298,34,36,-4,-46,1
10/25/2011 18:17,298,34,35,-4,-46,1
10/25/2011 18:18,298,34,35,-4,-47,1
10/25/2011 18:19,298,34,36,-4,-46,1
10/25/2011 18:20,298,34,35,-4,-47,1
10/25/2011 18:21,298,34,35,-4,-47,1
10/25/2011 18:22,298,35,35,-4,-47,1
10/25/2011 18:23,298,35,34,-4,-47,1
10/25/2011 18:24,298,36,33,-5,-48,1
10/25/2011 18:25,298,36,32,-5,-48,1
10/25/2011 18:26,298,36,32,-4,-48,1
10/25/2011 18:27,298,38,31,-4,-49,1
10/25/2011 18:28,298,38,31,-4,-49,1
10/25/2011 18:29,298,39,32,-5,-49,1
10/25/2011 18:30,298,39,31,-4,-49,1
10/25/2011 18:31,298,40,31,-4,-49,1
10/25/2011 18:32,298,40,32,-4,-49,1
10/25/2011 18:33,298,40,30,-4,-50,1
10/25/2011 18:34,298,41,31,-4,-50,1
10/25/2011 18:35,298,40,31,-4,-50,1
10/25/2011 18:36,298,41,32,-4,-49,1
10/25/2011 18:37,298,42,33,-4,-50,1
10/25/2011 18:38,298,42,33,-4,-49,1
10/25/2011 18:39,298,42,33,-4,-49,1
10/25/2011 18:40,298,41,34,-4,-49,1
10/25/2011 18:41,298,41,32,-4,-48,1
10/25/2011 18:42,298,41,32,-4,-48,1
10/25/2011 18:43,298,41,31,-4,-49,1
10/25/2011 18:44,298,42,30,-4,-49,1
10/25/2011 18:45,298,41,30,-4,-49,1
10/25/2011 18:46,298,41,30,-4,-49,1
10/25/2011 18:47,298,41,30,-4,-49,1
10/25/2011 18:48,298,41,30,-4,-49,1
10/25/2011 18:49,298,41,29,-4,-49,1
10/25/2011 18:50,298,41,28,-4,-49,1
10/25/2011 18:51,298,42,29,-4,-49,1
10/25/2011 18:52,298,42,28,-4,-48,1
10/25/2011 18:53,298,42,27,-4,-49,1
10/25/2011 18:54,298,41,27,-4,-49,1
10/25/2011 18:55,298,41,27,-4,-49,1
10/25/2011 18:56,298,42,27,-4,-49,1
10/25/2011 18:57,298,42,26,-4,-48,1
10/25/2011 18:58,298,42,26,-4,-48,1
10/25/2011 18:59,298,43,26,-4,-48,1
10/25/2011 19:00,298,42,25,-4,-48,1
10/25/2011 19:01,298,43,24,-4,-48,1
10/25/2011 19:02,298,43,25,-4,-47,1
10/25/2011 19:03,298,42,26,-4,-47,1
10/25/2011 19:04,298,42,26,-4,-47,1
10/25/2011 19:05,298,42,28,-4,-47,1
10/25/2011 19:06,298,41,29,-4,-46,1
10/25/2011 19:07,298,40,29,-4,-45,1
10/25/2011 19:08,298,39,30,-4,-45,1
10/25/2011 19:09,298,39,30,-4,-45,1
10/25/2011 19:10,298,38,29,-4,-44,1
10/25/2011 19:11,298,39,28,-4,-44,1
10/25/2011 19:12,298,39,26,-4,-44,1
10/25/2011 19:13,298,41,24,-4,-44,1
10/25/2011 19:14,298,41,22,-4,-45,1
10/25/2011 19:15,298,42,19,-4,-46,1
10/25/2011 19:16,298,42,19,-4,-46,1
10/25/2011 19:17,298,43,20,-4,-46,1
10/25/2011 19:18,298,44,21,-4,-46,1
10/25/2011 19:19,298,44,21,-4,-47,1
10/25/2011 19:20,298,44,22,-4,-47,1
10/25/2011 19:21,298,44,22,-4,-47,1
10/25/2011 19:22,298,44,22,-3,-47,1
10/25/2011 19:23,298,45,22,-3,-47,1
10/25/2011 19:24,298,45,21,-4,-48,1
10/25/2011 19:25,298,45,20,-3,-48,1
10/25/2011 19:26,298,45,19,-3,-48,1
10/25/2011 19:27,298,45,19,-4,-48,1
10/25/2011 19:28,298,46,19,-3,-48,1
10/25/2011 19:29,298,45,20,-3,-47,1
10/25/2011 19:30,298,45,20,-3,-47,1
10/25/2011 19:31,298,45,20,-3,-48,1
10/25/2011 19:32,298,45,20,-3,-48,1
10/25/2011 19:33,298,45,20,-3,-48,1
10/25/2011 19:34,298,45,20,-3,-48,1
10/25/2011 19:35,298,44,20,-3,-48,1
10/25/2011 19:36,298,44,20,-3,-48,1
10/25/2011 19:37,298,44,20,-3,-48,1
10/25/2011 19:38,298,44,19,-3,-48,1
10/25/2011 19:39,298,44,19,-3,-48,1
10/25/2011 19:40,298,44,19,-3,-48,1
10/25/2011 19:41,298,44,19,-3,-47,1
10/25/2011 19:42,298,44,18,-3,-48,1
10/25/2011 19:43,298,44,19,-3,-47,1
10/25/2011 19:44,298,44,19,-3,-47,1
10/25/2011 19:45,298,44,18,-3,-47,1
10/25/2011 19:46,298,43,18,-3,-47,1
10/25/2011 19:47,298,43,18,-3,-47,1
10/25/2011 19:48,298,42,19,-3,-46,1
10/25/2011 19:49,298,41,19,-3,-46,1
10/25/2011 19:50,298,42,20,-3,-46,1
10/25/2011 19:51,298,41,19,-3,-45,1
10/25/2011 19:52,298,42,17,-3,-45,1
10/25/2011 19:53,298,42,16,-3,-46,1
10/25/2011 19:54,298,41,16,-3,-46,1
10/25/2011 19:55,298,42,16,-3,-47,1
10/25/2011 19:56,298,41,15,-3,-47,1
10/25/2011 19:57,298,42,15,-3,-47,1
10/25/2011 19:58,298,42,16,-3,-48,1
10/25/2011 19:59,298,42,16,-3,-48,1
10/25/2011 20:00,298,42,16,-3,-48,1
10/25/2011 20:01,298,44,16,-2,-48,1
10/25/2011 20:02,298,43,14,-2,-49,1
10/25/2011 20:03,298,43,15,-2,-48,1
10/25/2011 20:04,298,43,14,-2,-48,1
10/25/2011 20:05,298,43,14,-2,-49,1
10/25/2011 20:06,298,42,15,-2,-49,1
10/25/2011 20:07,298,42,14,-2,-49,1
10/25/2011 20:08,298,42,15,-2,-49,1
10/25/2011 20:09,298,43,15,-2,-49,1
10/25/2011 20:10,298,43,16,-2,-49,1
10/25/2011 20:11,298,42,16,-2,-49,1
10/25/2011 20:12,298,42,16,-2,-49,1
10/25/2011 20:13,298,41,16,-2,-49,1
10/25/2011 20:14,298,41,16,-2,-49,1
10/25/2011 20:15,298,42,15,-2,-49,1
10/25/2011 20:16,298,41,15,-2,-49,1
10/25/2011 20:17,298,41,15,-2,-49,1
10/25/2011 20:18,298,40,15,-2,-50,1
10/25/2011 20:19,298,40,14,-2,-50,1
10/25/2011 20:20,298,40,14,-2,-50,1
10/25/2011 20:21,298,39,14,-2,-50,1
10/25/2011 20:22,298,41,14,-2,-50,1
10/25/2011 20:23,298,40,14,-2,-50,1
10/25/2011 20:24,298,40,14,-1,-50,1
10/25/2011 20:25,298,40,14,-2,-50,1
10/25/2011 20:26,298,39,14,-2,-50,1
10/25/2011 20:27,298,38,14,-2,-49,1
10/25/2011 20:28,298,38,14,-2,-49,1
10/25/2011 20:29,298,38,15,-2,-49,1
10/25/2011 20:30,298,38,13,-2,-50,1
10/25/2011 20:31,298,37,13,-2,-50,1
10/25/2011 20:32,298,37,13,-2,-50,1
10/25/2011 20:33,298,36,13,-1,-50,1
10/25/2011 20:34,298,36,13,-2,-50,1
10/25/2011 20:35,298,36,12,-1,-50,1
10/25/2011 20:36,298,36,12,-1,-50,1
10/25/2011 20:37,298,35,12,-1,-50,1
10/25/2011 20:38,298,34,12,-1,-50,1
10/25/2011 20:39,298,34,12,-1,-50,1
10/25/2011 20:40,298,33,12,-1,-50,1
10/25/2011 20:41,298,33,12,-1,-50,1
10/25/2011 20:42,298,33,12,-1,-51,1
10/25/2011 20:43,298,33,12,-1,-51,1
10/25/2011 20:44,298,32,12,-1,-51,1
10/25/2011 20:45,298,32,12,-1,-51,1
10/25/2011 20:46,298,31,12,-1,-51,1
10/25/2011 20:47,298,31,12,-1,-51,1
10/25/2011 20:48,298,30,12,-1,-51,1
10/25/2011 20:49,298,30,12,-1,-51,1
10/25/2011 20:50,298,30,12,-1,-51,1
10/25/2011 20:51,298,29,12,-1,-51,1
10/25/2011 20:52,298,29,12,-1,-51,1
10/25/2011 20:53,298,28,12,-1,-51,1
10/25/2011 20:54,298,28,12,-1,-51,1
10/25/2011 20:55,298,27,12,-1,-51,1
10/25/2011 20:56,298,26,12,-1,-51,1
10/25/2011 20:57,298,26,12,-1,-50,1
10/25/2011 20:58,298,25,12,-1,-51,1
10/25/2011 20:59,298,25,11,-1,-50,1
10/25/2011 21:00,298,25,11,-1,-50,1
10/25/2011 21:01,298,24,11,-1,-50,1
10/25/2011 21:02,298,24,11,-1,-50,1
10/25/2011 21:03,298,23,11,-1,-50,1
10/25/2011 21:04,298,23,11,-1,-50,1
10/25/2011 21:05,298,24,11,0,-50,1
10/25/2011 21:06,298,23,11,-1,-50,1
10/25/2011 21:07,298,23,11,-1,-50,1
10/25/2011 21:08,298,22,13,0,-49,1
10/25/2011 21:09,298,22,13,0,-49,1
10/25/2011 21:10,298,22,14,0,-49,1
10/25/2011 21:11,298,22,13,0,-49,1
10/25/2011 21:12,298,20,13,0,-49,1
10/25/2011 21:13,298,20,13,0,-49,1
10/25/2011 21:14,298,21,13,0,-49,1
10/25/2011 21:15,298,21,12,0,-48,1
10/25/2011 21:16,298,21,12,0,-48,1
10/25/2011 21:17,298,22,12,0,-48,1
10/25/2011 21:18,298,22,12,0,-48,1
10/25/2011 21:19,298,22,12,0,-49,1
10/25/2011 21:20,298,22,13,0,-48,1
10/25/2011 21:21,298,21,13,0,-48,1
10/25/2011 21:22,298,21,12,0,-48,1
10/25/2011 21:23,298,21,11,0,-48,1
10/25/2011 21:24,298,21,11,0,-48,1
10/25/2011 21:25,298,21,11,0,-48,1
10/25/2011 21:26,298,23,11,0,-49,1
10/25/2011 21:27,298,23,11,0,-49,1
10/25/2011 21:28,298,23,11,0,-49,1
10/25/2011 21:29,298,23,11,0,-49,1
10/25/2011 21:30,298,23,11,0,-49,1
10/25/2011 21:31,298,23,12,0,-50,1
10/25/2011 21:32,298,23,12,0,-50,1
10/25/2011 21:33,298,23,12,0,-50,1
10/25/2011 21:34,298,23,12,0,-50,1
10/25/2011 21:35,298,22,12,0,-50,1
10/25/2011 21:36,298,22,12,0,-50,1
10/25/2011 21:37,298,22,12,0,-50,1
10/25/2011 21:38,298,23,11,0,-50,1
10/25/2011 21:39,298,22,11,0,-50,1
10/25/2011 21:40,298,23,11,0,-50,1
10/25/2011 21:41,298,22,11,0,-51,1
10/25/2011 21:42,298,22,11,0,-51,1
10/25/2011 21:43,298,22,11,0,-51,1
10/25/2011 21:44,298,23,10,0,-51,1
10/25/2011 21:45,298,22,10,0,-51,1
10/25/2011 21:46,298,22,10,0,-51,1
10/25/2011 21:47,298,22,10,0,-51,1
10/25/2011 21:48,298,22,11,0,-51,1
10/25/2011 21:49,298,21,12,0,-51,1
10/25/2011 21:50,298,21,11,0,-51,1
10/25/2011 21:51,298,20,12,0,-50,1
10/25/2011 21:52,298,20,12,0,-50,1
10/25/2011 21:53,298,19,12,0,-50,1
10/25/2011 21:54,298,19,11,0,-50,1
10/25/2011 21:55,298,20,11,0,-50,1
10/25/2011 21:56,298,20,12,0,-50,1
10/25/2011 21:57,298,20,12,0,-50,1
10/25/2011 21:58,298,20,11,0,-50,1
10/25/2011 21:59,298,20,11,0,-50,1
10/25/2011 22:00,298,19,11,0,-50,1
10/25/2011 22:01,298,19,12,0,-49,1
10/25/2011 22:02,298,19,12,0,-49,1
10/25/2011 22:03,298,20,12,0,-49,1
10/25/2011 22:04,298,19,12,0,-49,1
10/25/2011 22:05,298,20,12,0,-49,1
10/25/2011 22:06,298,19,12,0,-49,1
10/25/2011 22:07,298,20,12,0,-49,1
10/25/2011 22:08,298,20,11,0,-49,1
10/25/2011 22:09,298,20,12,0,-48,1
10/25/2011 22:10,298,19,11,0,-49,1
10/25/2011 22:11,298,20,11,0,-48,1
10/25/2011 22:12,298,19,12,0,-48,1
10/25/2011 22:13,298,19,12,0,-48,1
10/25/2011 22:14,298,19,12,0,-48,1
10/25/2011 22:15,298,19,12,0,-48,1
10/25/2011 22:16,298,18,12,0,-48,1
10/25/2011 22:17,298,18,11,0,-47,1
10/25/2011 22:18,298,18,12,0,-47,1
10/25/2011 22:19,298,19,11,0,-47,1
10/25/2011 22:20,298,19,12,0,-47,1
10/25/2011 22:21,298,19,12,0,-48,1
10/25/2011 22:22,298,20,11,0,-48,1
10/25/2011 22:23,298,21,12,0,-48,1
10/25/2011 22:24,298,22,11,0,-49,1
10/25/2011 22:25,298,22,11,0,-49,1
10/25/2011 22:26,298,23,10,-1,-49,1
10/25/2011 22:27,298,23,10,0,-49,1
10/25/2011 22:28,298,24,10,0,-50,1
10/25/2011 22:29,298,24,11,-1,-50,1
10/25/2011 22:30,298,25,10,-1,-50,1
10/25/2011 22:31,298,24,10,-1,-50,1
10/25/2011 22:32,298,24,10,-1,-50,1
10/25/2011 22:33,298,24,10,-1,-51,1
10/25/2011 22:34,298,24,10,-1,-51,1
10/25/2011 22:35,298,25,10,-1,-51,1
10/25/2011 22:36,298,25,10,-1,-51,1
10/25/2011 22:37,298,26,10,-1,-51,1
10/25/2011 22:38,298,25,11,0,-50,1
10/25/2011 22:39,298,25,11,0,-50,1
10/25/2011 22:40,298,25,10,0,-50,1
10/25/2011 22:41,298,25,10,0,-50,1
10/25/2011 22:42,298,24,10,0,-50,1
10/25/2011 22:43,298,24,10,0,-50,1
10/25/2011 22:44,298,24,11,0,-50,1
10/25/2011 22:45,298,24,11,0,-50,1
10/25/2011 22:46,298,24,10,0,-49,1
10/25/2011 22:47,298,25,10,0,-49,1
10/25/2011 22:48,298,25,11,0,-49,1
10/25/2011 22:49,298,25,11,0,-49,1
10/25/2011 22:50,298,25,11,0,-49,1
10/25/2011 22:51,298,26,9,0,-49,1
10/25/2011 22:52,298,25,9,0,-49,1
10/25/2011 22:53,298,25,10,0,-48,1
10/25/2011 22:54,298,26,10,0,-48,1
10/25/2011 22:55,298,26,10,0,-48,1
10/25/2011 22:56,298,26,11,0,-48,1
10/25/2011 22:57,298,26,11,0,-48,1
10/25/2011 22:58,298,26,10,0,-48,1
10/25/2011 22:59,298,27,10,0,-48,1
10/25/2011 23:00,298,28,10,0,-48,1
10/25/2011 23:01,298,28,10,0,-48,1
10/25/2011 23:02,298,29,10,0,-49,1
10/25/2011 23:03,298,30,10,0,-49,1
10/25/2011 23:04,298,29,10,0,-49,1
10/25/2011 23:05,298,31,10,0,-49,1
10/25/2011 23:06,298,30,9,-1,-49,1
10/25/2011 23:07,298,30,10,0,-49,1
10/25/2011 23:08,298,30,10,0,-49,1
10/25/2011 23:09,298,30,10,0,-49,1
10/25/2011 23:10,298,30,10,0,-49,1
10/25/2011 23:11,298,30,10,0,-49,1
10/25/2011 23:12,298,29,10,0,-49,1
10/25/2011 23:13,298,30,10,0,-49,1
10/25/2011 23:14,298,30,10,0,-49,1
10/25/2011 23:15,298,30,10,0,-49,1
10/25/2011 23:16,298,30,10,0,-49,1
10/25/2011 23:17,298,29,11,0,-49,1
10/25/2011 23:18,298,29,11,0,-49,1
10/25/2011 23:19,298,29,11,0,-49,1
10/25/2011 23:20,298,29,11,0,-48,1
10/25/2011 23:21,298,28,11,0,-48,1
10/25/2011 23:22,298,29,11,-1,-48,1
10/25/2011 23:23,298,28,11,0,-48,1
10/25/2011 23:24,298,29,11,0,-48,1
10/25/2011 23:25,298,29,11,0,-49,1
10/25/2011 23:26,298,30,12,-1,-49,1
10/25/2011 23:27,298,30,11,-1,-49,1
10/25/2011 23:28,298,30,10,-1,-49,1
10/25/2011 23:29,298,30,11,-1,-49,1
10/25/2011 23:30,298,30,11,-1,-48,1
10/25/2011 23:31,298,30,11,-1,-48,1
10/25/2011 23:32,298,30,11,-1,-48,1
10/25/2011 23:33,298,30,11,-1,-48,1
10/25/2011 23:34,298,30,11,-1,-48,1
10/25/2011 23:35,298,30,11,-1,-48,1
10/25/2011 23:36,298,29,12,-1,-48,1
10/25/2011 23:37,298,28,12,-1,-47,1
10/25/2011 23:38,298,28,12,-1,-47,1
10/25/2011 23:39,298,29,12,-1,-47,1
10/25/2011 23:40,298,29,12,-1,-47,1
10/25/2011 23:41,298,29,12,-1,-47,1
10/25/2011 23:42,298,30,12,-1,-47,1
10/25/2011 23:43,298,30,11,-1,-46,1
10/25/2011 23:44,298,29,12,-1,-46,1
10/25/2011 23:45,298,29,12,-1,-46,1
10/25/2011 23:46,298,30,12,-1,-45,1
10/25/2011 23:47,298,29,13,-1,-45,1
10/25/2011 23:48,298,30,12,-1,-45,1
10/25/2011 23:49,298,31,11,-1,-45,1
10/25/2011 23:50,298,31,12,-1,-45,1
10/25/2011 23:51,298,31,11,-1,-45,1
10/25/2011 23:52,298,31,11,-1,-45,1
10/25/2011 23:53,298,31,10,-1,-44,1
10/25/2011 23:54,298,30,11,-1,-44,1
10/25/2011 23:55,298,30,11,-1,-44,1
10/25/2011 23:56,298,30,11,-1,-44,1
10/25/2011 23:57,298,32,10,-1,-44,1
10/25/2011 23:58,298,32,11,-1,-44,1
10/25/2011 23:59,298,32,11,-1,-44,1
